InvoiceNo,CustomerName,ProductCategory,OrderDate,ShippingDate,Price,Quantity,Country,TotalAmount
INV-2427,Frank,Electronics,########,7/2/2022,340.02,5,USA,1700.1
INV-5268,Eve,Books,########,########,382.57,2,France,765.14
INV-7221,Charlie,Toys,########,########,36.2,10,UK,362
INV-9730,Diana,Clothing,########,########,402.89,9,USA,3626.01
INV-2330,Bob,Toys,########,1/9/2022,234.17,2,Canada,468.34
INV-8435,Charlie,Clothing,########,########,483.33,9,USA,4349.97
INV-5393,Frank,Groceries,########,########,131.09,3,Canada,393.27
INV-1503,Eve,Beauty,2/4/2021,########,355.39,5,Australia,1776.95
INV-2152,Eve,Beauty,########,4/6/2022,276.06,4,UK,1104.24
INV-8935,Alice,Groceries,########,########,450.03,8,USA,3600.24
INV-8237,Alice,Beauty,########,########,393.22,7,UK,2752.54
INV-1975,Bob,Clothing,########,########,360.08,2,Germany,720.16
INV-3192,Bob,Toys,########,########,162.6,2,USA,325.2
INV-2947,Frank,Clothing,########,########,269.79,5,Germany,1348.95
INV-8112,Frank,Electronics,########,8/9/2022,346.37,5,France,1731.85
INV-3081,Alice,Books,########,4/1/2022,319.78,4,Canada,1279.12
INV-5788,Charlie,Groceries,7/6/2021,########,460.59,7,France,3224.13
INV-9394,Bob,Beauty,,########,38.36,1,UK,38.36
INV-3161,Eve,Books,########,4/1/2022,462.86,5,France,2314.3
INV-7056,Charlie,Toys,########,########,204.74,9,Australia,1842.66
INV-4549,Eve,Groceries,########,########,204.11,10,UK,2041.1
INV-8776,Diana,Beauty,########,########,490.35,4,USA,1961.4
INV-7297,Eve,Books,########,1/7/2022,190.73,6,France,1144.38
INV-3480,Alice,Electronics,########,########,493.07,2,Canada,986.14
INV-9848,Frank,Electronics,4/4/2021,########,42.93,5,Australia,214.65
INV-7664,Alice,Books,1/7/2021,########,116.53,7,France,815.71
INV-9306,Frank,Beauty,########,########,207.66,5,Canada,1038.3
INV-2919,Charlie,Toys,########,########,471.11,5,Canada,2355.55
INV-3077,Frank,Clothing,8/1/2021,########,207.94,1,USA,207.94
INV-5514,Charlie,Clothing,########,1/1/2022,334.54,1,Germany,334.54
INV-4317,Bob,Beauty,########,########,49.7,10,USA,497
INV-7552,Diana,Groceries,########,########,60.25,5,USA,301.25
INV-9327,Frank,Books,########,########,478.69,1,Germany,478.69
INV-6385,Bob,Groceries,5/1/2021,########,65.44,5,France,327.2
INV-3857,Alice,Groceries,3/2/2021,########,106.34,4,Australia,425.36
INV-1118,Charlie,Beauty,########,########,468.54,10,France,4685.4
INV-5039,Alice,Clothing,8/8/2021,########,295.29,4,Canada,1181.16
INV-7639,Frank,Clothing,########,########,303.18,5,France,1515.9
INV-7975,Diana,Electronics,########,9/3/2022,94.13,9,Australia,847.17
INV-9208,,Groceries,########,########,364.16,10,Germany,3641.6
INV-4810,Eve,Books,########,########,173.91,9,France,1565.19
INV-3162,Charlie,Clothing,########,########,143.29,3,France,429.87
INV-9014,Bob,Electronics,########,########,151.2,2,Canada,302.4
INV-2239,Alice,Clothing,########,########,239.24,4,Canada,956.96
INV-5439,Frank,Clothing,5/6/2021,########,166.74,6,UK,1000.44
INV-7147,Eve,Groceries,########,########,223.1,7,Australia,1561.7
INV-3042,Alice,Books,1/2/2021,1/8/2022,400.07,5,France,2000.35
INV-6155,Alice,Books,########,########,10.16,5,UK,50.8
INV-8690,Bob,Beauty,########,########,198.67,3,Germany,596.01
INV-9067,Charlie,Electronics,########,########,236.62,7,UK,1656.34
INV-4903,Eve,Electronics,########,########,27.92,7,Australia,195.44
INV-8729,Diana,Electronics,7/6/2021,########,257.16,5,UK,1285.8
INV-3583,Diana,Electronics,########,9/8/2022,6.14,6,France,36.84
INV-2523,Eve,Beauty,########,########,404.96,3,USA,1214.88
INV-3566,Alice,Clothing,8/2/2021,########,217.48,8,France,1739.84
INV-9093,Diana,Books,########,########,251.88,9,France,2266.92
INV-1910,Frank,Books,3/6/2021,########,140.42,9,Canada,1263.78
INV-3011,Charlie,Electronics,########,########,427.96,3,USA,1283.88
INV-4451,Eve,Groceries,########,########,255.99,6,UK,1535.94
INV-1970,Bob,Clothing,########,########,131.51,7,USA,920.57
INV-8013,Bob,Groceries,########,########,473.83,8,USA,3790.64
INV-9099,Eve,Clothing,9/5/2021,########,410.21,2,UK,820.42
INV-9645,Charlie,Clothing,########,6/2/2022,212.33,8,Australia,1698.64
INV-4585,Alice,Books,6/3/2021,########,219.59,1,UK,219.59
INV-9966,Eve,Groceries,########,########,294.64,10,UK,2946.4
INV-4555,Frank,Clothing,########,########,487.51,9,UK,4387.59
INV-2952,Frank,Books,########,########,141.25,2,USA,282.5
INV-3681,Alice,Toys,8/7/2021,########,395.84,9,Canada,3562.56
INV-3782,Frank,Beauty,########,########,225.78,8,USA,1806.24
INV-4049,Bob,Beauty,########,4/4/2022,54.93,6,Germany,329.58
INV-7005,Eve,Electronics,########,8/2/2022,356.53,6,UK,2139.18
INV-5937,Diana,Toys,########,########,385.61,4,Australia,1542.44
INV-5643,Frank,Toys,8/8/2021,########,210.09,10,France,2100.9
INV-1981,Frank,Groceries,8/6/2021,########,389.77,1,France,389.77
INV-1927,Eve,Clothing,########,########,165.95,1,UK,165.95
INV-9703,Frank,Books,########,8/6/2022,424.72,3,USA,1274.16
INV-3804,Frank,Books,########,########,360.28,1,France,360.28
INV-6555,Bob,Beauty,########,########,272.96,6,Australia,1637.76
INV-4087,Charlie,Beauty,########,########,113.87,,Germany,455.48
INV-9809,Diana,Toys,########,########,44.73,1,Australia,44.73
INV-1300,Charlie,Toys,########,########,129.22,7,Australia,904.54
INV-6906,Diana,Books,########,########,91.97,3,Australia,275.91
INV-5441,Charlie,Books,########,########,418.8,3,UK,1256.4
INV-1085,Bob,Electronics,6/3/2021,########,210.33,2,Australia,420.66
INV-8557,Alice,Clothing,########,########,288.87,8,UK,2310.96
INV-7928,Bob,Clothing,########,1/5/2022,394,9,France,3546
INV-3490,Bob,Groceries,########,########,141.99,1,Germany,141.99
INV-9530,Diana,Books,########,########,109.58,5,Germany,547.9
INV-5063,Charlie,Beauty,########,2/8/2022,429.41,4,Australia,1717.64
INV-9297,Alice,Toys,########,########,23,2,France,46
INV-8674,Eve,Electronics,########,########,23.59,5,Germany,117.95
INV-6752,Diana,Beauty,6/3/2021,########,172.14,2,Canada,344.28
INV-9442,Diana,Toys,########,########,128.51,6,France,771.06
INV-5499,Alice,Clothing,########,########,227.38,8,Germany,1819.04
INV-3678,Frank,Toys,########,########,305.82,5,France,1529.1
INV-6668,Charlie,Books,########,5/1/2022,187.49,10,France,1874.9
INV-1802,Frank,Toys,8/6/2021,########,28.43,10,France,284.3
INV-4240,Diana,Beauty,########,########,165.63,4,Germany,662.52
INV-7761,Charlie,Toys,########,########,157.75,1,Australia,157.75
INV-1764,Eve,Clothing,########,########,312.64,7,Australia,2188.48
INV-8146,Frank,Electronics,6/1/2021,########,140.99,2,France,281.98
INV-6446,Diana,Clothing,########,########,480.09,1,France,480.09
INV-3206,Charlie,Beauty,########,########,438.13,10,UK,4381.3
INV-4100,Alice,Clothing,########,########,492.74,1,UK,492.74
INV-7386,Diana,Clothing,########,########,188.28,2,France,376.56
INV-9965,Alice,Electronics,########,########,486.48,1,Australia,486.48
INV-3355,Bob,Groceries,########,########,420.83,4,USA,1683.32
INV-7031,Alice,Books,########,########,18.92,1,UK,18.92
INV-8344,Alice,Clothing,2/4/2021,########,74.38,8,Germany,595.04
INV-5129,Alice,Beauty,########,########,34.44,2,Australia,68.88
INV-9421,Bob,Books,########,6/1/2022,47.04,1,Canada,47.04
INV-9567,Diana,Toys,########,########,,6,UK,1172.52
INV-6998,Eve,Beauty,########,########,61.19,1,Germany,61.19
INV-3215,Diana,Clothing,########,########,269.29,10,France,
INV-1404,Bob,Toys,########,########,336.94,1,Germany,336.94
INV-4587,Alice,Books,########,1/3/2022,352.71,1,UK,352.71
INV-8379,Eve,Groceries,########,########,207.47,1,UK,207.47
INV-2612,Eve,Clothing,4/2/2021,########,290.63,8,Germany,2325.04
INV-4301,Frank,Beauty,########,########,441.13,8,Canada,3529.04
INV-3353,Bob,Electronics,########,########,324.63,7,UK,2272.41
INV-8597,Diana,Groceries,########,########,126.91,5,France,634.55
INV-7013,Alice,Electronics,########,########,409.6,9,Australia,3686.4
INV-8393,Alice,Electronics,########,########,105.25,7,Australia,736.75
INV-1669,Charlie,Clothing,########,########,136.8,2,Australia,273.6
INV-5939,Eve,Toys,########,########,237.75,7,France,1664.25
INV-9956,Diana,Toys,3/5/2021,########,347.21,2,Canada,694.42
INV-9715,Diana,Beauty,########,########,305.82,9,France,2752.38
INV-9995,Charlie,Clothing,########,5/4/2022,458.33,8,Australia,3666.64
INV-8592,Frank,Beauty,########,7/3/2022,267.9,1,France,267.9
INV-5486,Alice,Clothing,########,########,141.96,1,UK,141.96
INV-9081,Diana,Books,########,9/3/2022,161.35,2,Canada,322.7
INV-2368,Charlie,Groceries,########,3/8/2022,344.38,1,France,344.38
INV-6347,Eve,Books,9/8/2021,########,325.34,5,UK,1626.7
INV-5816,Frank,Beauty,########,########,288.55,8,USA,2308.4
INV-5963,Alice,Groceries,########,########,344.49,1,USA,344.49
INV-1219,Diana,Beauty,########,2/9/2022,368.18,8,Australia,2945.44
INV-7123,Frank,Groceries,########,7/8/2022,212.85,2,Canada,425.7
INV-6728,Alice,Groceries,########,########,341.54,2,UK,683.08
INV-5116,Diana,Books,7/5/2021,4/6/2022,87.59,6,Australia,525.54
INV-6109,Eve,Clothing,########,########,47.55,5,France,237.75
INV-5465,Eve,Groceries,########,########,40.9,1,UK,40.9
INV-5848,Frank,Beauty,########,6/3/2022,25.46,8,Canada,203.68
INV-6430,Diana,Beauty,########,########,311.24,5,Germany,1556.2
INV-5951,Frank,Beauty,########,5/7/2022,310.52,5,France,1552.6
INV-2016,Bob,Groceries,########,########,52.16,1,Canada,52.16
INV-7159,Charlie,Groceries,########,########,353.63,1,UK,353.63
INV-1378,Alice,Electronics,########,########,285.96,5,Germany,1429.8
INV-8235,Eve,Groceries,########,########,440.43,3,UK,1321.29
INV-9362,Charlie,Electronics,########,########,316.41,3,Australia,949.23
INV-7616,Bob,Toys,########,########,427.96,6,Australia,2567.76
INV-8564,Frank,Groceries,########,########,209.3,7,Germany,1465.1
INV-5752,Eve,Toys,3/9/2021,########,278.33,9,France,2504.97
INV-8469,Charlie,Clothing,########,1/6/2022,108.33,6,Australia,649.98
INV-6448,Charlie,Clothing,########,########,462.24,1,Germany,462.24
INV-7816,Bob,Clothing,########,########,376.92,8,France,3015.36
INV-7401,Eve,Electronics,########,########,55.5,5,Australia,277.5
INV-3319,Bob,Groceries,6/6/2021,########,146.36,9,France,1317.24
INV-5434,Diana,Beauty,########,########,480.88,5,Australia,2404.4
INV-7410,Eve,Beauty,########,1/3/2022,284.28,5,UK,1421.4
INV-6971,Alice,Electronics,########,7/9/2022,307.15,5,USA,1535.75
INV-5237,Bob,Groceries,########,########,395.29,9,France,3557.61
INV-1785,Frank,Books,########,########,162.77,6,Germany,976.62
INV-4339,Frank,Toys,########,########,199.94,5,Canada,999.7
INV-3444,Frank,Beauty,########,########,476.46,10,Germany,4764.6
INV-9412,Frank,Books,4/3/2021,########,84.76,1,Canada,84.76
INV-6586,Eve,Books,4/6/2021,########,233.07,4,Germany,932.28
INV-1045,Frank,Groceries,########,########,449.44,2,Canada,898.88
INV-5249,Frank,,########,########,103.39,1,Germany,103.39
INV-7953,Frank,Groceries,########,3/9/2022,198.9,5,Germany,994.5
INV-2596,Diana,Clothing,########,########,469.33,1,France,469.33
INV-9234,Charlie,Beauty,########,########,5.56,10,Canada,55.6
INV-4017,Diana,Beauty,########,########,26.26,4,USA,105.04
INV-3843,Charlie,Beauty,3/8/2021,########,325.95,1,Canada,325.95
INV-7135,Alice,Toys,########,########,211.67,10,UK,2116.7
INV-9576,Bob,Books,4/2/2021,########,80.29,7,Germany,562.03
INV-9826,Frank,Beauty,########,########,97.8,5,Germany,489
INV-5041,Charlie,Books,3/3/2021,########,354.67,5,Germany,1773.35
INV-5952,Charlie,Books,########,########,261.96,8,France,2095.68
INV-1372,Charlie,Toys,########,########,52.97,1,UK,52.97
INV-2956,Eve,Beauty,3/7/2021,########,412.57,4,UK,1650.28
INV-2123,Bob,Electronics,4/7/2021,########,282.53,2,Canada,565.06
INV-3092,Frank,Groceries,########,########,152.17,2,UK,304.34
INV-6321,Alice,Clothing,########,########,110.37,1,USA,110.37
INV-3268,Charlie,Groceries,########,########,154.92,3,UK,464.76
INV-2992,Bob,Toys,########,########,486.45,4,France,1945.8
INV-8575,Alice,Clothing,1/6/2021,########,432.94,5,Canada,2164.7
INV-8342,Diana,Groceries,5/1/2021,2/2/2022,372.48,10,UK,3724.8
INV-7294,Bob,Toys,########,########,240.6,6,Canada,1443.6
INV-9248,Charlie,,7/9/2021,########,14.89,7,France,104.23
INV-2122,Charlie,Groceries,########,########,5.29,10,UK,52.9
INV-7798,Bob,Electronics,########,########,85.41,4,USA,341.64
INV-2871,Frank,Electronics,6/6/2021,########,293.47,8,UK,2347.76
INV-9061,Frank,Books,########,########,284.48,2,USA,568.96
INV-7436,Bob,Toys,########,########,239.72,3,Australia,719.16
INV-2588,Diana,Books,########,5/6/2022,242.07,2,Germany,484.14
INV-6869,Alice,Beauty,6/7/2021,########,256.91,8,Germany,2055.28
INV-3396,Diana,Clothing,########,########,44.85,5,Germany,224.25
INV-5809,Eve,Electronics,########,########,121.56,10,Germany,1215.6
INV-1804,Diana,Groceries,2/6/2021,########,130.88,5,France,654.4
INV-2709,Diana,Books,########,########,452.76,5,UK,2263.8
INV-5082,Eve,Groceries,########,########,59.26,10,Canada,592.6
INV-9961,Charlie,Clothing,########,########,72.05,3,UK,216.15
INV-9770,Eve,Clothing,########,########,137.93,5,UK,689.65
INV-7492,Eve,Books,########,########,74.07,5,Germany,370.35
INV-5917,Bob,Books,########,########,270.36,8,UK,2162.88
INV-1045,Eve,Books,########,########,54.77,8,Australia,438.16
INV-1819,Charlie,Books,8/4/2021,########,88.95,1,Germany,88.95
INV-1572,Frank,Clothing,4/1/2021,1/3/2022,332.8,9,France,2995.2
INV-6327,Charlie,Groceries,########,########,226.22,7,Australia,1583.54
INV-6142,Eve,Electronics,########,########,66.49,7,Canada,465.43
INV-3500,Diana,Toys,2/9/2021,########,423.65,1,France,423.65
INV-3649,Alice,Toys,########,########,336.45,10,France,3364.5
INV-4749,Alice,Toys,########,3/2/2022,325.31,5,UK,1626.55
INV-5995,Eve,Toys,########,########,435.26,4,USA,1741.04
INV-4793,Eve,Clothing,########,########,90.34,9,Australia,813.06
INV-5766,Bob,Electronics,2/5/2021,3/2/2022,10.06,2,France,20.12
INV-6236,Diana,Toys,6/5/2021,########,353.63,3,France,1060.89
INV-7403,Diana,Electronics,########,1/2/2022,121.64,8,UK,973.12
INV-1749,Charlie,Toys,8/5/2021,########,484.58,6,Germany,2907.48
INV-2027,Charlie,Clothing,########,########,148.51,8,Germany,1188.08
INV-8480,Diana,Toys,########,8/5/2022,436.47,1,Germany,436.47
INV-7539,Bob,Clothing,########,6/8/2022,81.45,7,France,570.15
INV-5172,Charlie,Electronics,########,########,260.06,8,USA,2080.48
INV-3087,Diana,Toys,9/3/2021,########,148.69,10,UK,1486.9
INV-7272,Bob,Beauty,5/8/2021,########,354.5,4,Australia,1418
INV-5596,Eve,Clothing,########,########,109.13,3,Canada,327.39
,Alice,Clothing,########,########,66.39,1,Germany,66.39
INV-2538,Alice,Beauty,########,########,409.81,3,UK,1229.43
INV-6570,Bob,Books,9/9/2021,,347.1,6,Canada,2082.6
INV-2061,Frank,Beauty,7/5/2021,########,256.99,1,UK,256.99
INV-4225,Alice,Beauty,3/1/2021,########,424.91,8,Australia,3399.28
INV-6770,Charlie,Clothing,########,########,105.09,10,Germany,1050.9
INV-3823,Alice,Electronics,########,########,123.05,4,France,492.2
INV-8988,Frank,Clothing,########,########,414.55,10,Germany,4145.5
INV-6119,Frank,Books,########,1/6/2022,136.2,6,Canada,817.2
INV-8323,Bob,Books,########,7/1/2022,281.58,2,Australia,563.16
INV-3540,Alice,Electronics,########,########,280.32,5,Australia,1401.6
INV-7265,Diana,Clothing,5/8/2021,########,315.29,3,UK,945.87
INV-9764,Bob,Toys,########,########,398.38,9,UK,3585.42
INV-1077,Eve,Clothing,6/8/2021,########,19.03,2,Germany,38.06
INV-7235,Frank,Books,########,########,225.62,10,UK,2256.2
INV-3443,Charlie,Books,########,7/8/2022,19.19,6,Canada,115.14
INV-4399,Diana,Toys,########,,158.94,7,Canada,1112.58
INV-3230,Charlie,Beauty,8/8/2021,########,206.4,4,Canada,825.6
INV-8087,Bob,Electronics,########,########,125.55,7,Canada,878.85
INV-4720,Frank,Books,########,########,188.41,1,Canada,188.41
INV-3678,Diana,Toys,########,########,444.55,4,Canada,1778.2
INV-9387,Frank,Beauty,########,########,43.21,8,France,345.68
INV-7832,Charlie,Toys,########,########,76.3,2,UK,152.6
INV-7095,Frank,Toys,########,########,140.84,9,Australia,1267.56
INV-9107,Bob,Electronics,1/3/2021,########,209.62,4,Australia,838.48
INV-5560,Charlie,Books,########,3/8/2022,22.24,2,Australia,44.48
INV-8135,Bob,Books,########,########,240.51,3,Australia,721.53
INV-5918,Alice,Electronics,########,########,172.94,9,Australia,1556.46
INV-4445,Frank,Books,########,########,323.66,4,UK,1294.64
INV-4628,Diana,Electronics,########,3/1/2022,443.72,7,UK,3106.04
INV-8940,Bob,Clothing,8/7/2021,########,346.66,7,Germany,2426.62
INV-3540,Eve,Electronics,########,########,152.69,2,USA,305.38
INV-6691,Charlie,Groceries,########,########,451.5,6,Canada,2709
INV-9630,Charlie,Books,########,########,96.21,7,Canada,673.47
INV-1421,Eve,Electronics,########,########,437.35,3,Australia,1312.05
INV-7686,Frank,Books,7/1/2021,########,313.87,10,Canada,3138.7
INV-9132,Diana,Electronics,########,########,441.4,2,USA,882.8
INV-9485,Charlie,Clothing,########,########,348.39,8,USA,2787.12
INV-5584,Charlie,Books,4/5/2021,########,423.9,2,USA,847.8
INV-9711,Charlie,Books,########,########,104.15,9,Canada,937.35
INV-6989,Frank,Groceries,########,########,496.56,10,Germany,4965.6
INV-6674,Bob,Groceries,########,########,273.56,7,Germany,1914.92
INV-1470,Bob,Books,########,7/3/2022,108.55,5,UK,542.75
INV-7471,Alice,Books,4/2/2021,########,35.44,4,France,141.76
INV-9689,Eve,Clothing,########,########,342.33,9,France,3080.97
INV-5772,Eve,,6/5/2021,########,300.64,10,Canada,3006.4
INV-6963,Diana,Clothing,########,7/2/2022,387.04,10,France,3870.4
INV-2152,Alice,Books,########,########,473.44,8,Canada,3787.52
INV-3322,Frank,Electronics,########,########,256.75,6,UK,1540.5
INV-1026,Eve,Toys,########,########,121.54,9,Canada,1093.86
INV-9964,Diana,Books,########,########,28.08,4,USA,112.32
INV-6019,Charlie,Groceries,########,7/8/2022,245.79,6,USA,1474.74
INV-6667,Frank,Toys,########,########,257.74,5,France,1288.7
INV-9998,Bob,Beauty,########,########,347.14,8,Germany,2777.12
INV-2814,Alice,Groceries,########,########,473.79,5,UK,2368.95
INV-2393,Charlie,Beauty,########,########,369.33,3,USA,1107.99
INV-1725,Eve,Toys,########,########,316.52,6,Australia,1899.12
INV-2162,Frank,Clothing,########,4/1/2022,275.18,2,USA,550.36
INV-7159,Charlie,Clothing,########,########,146.29,7,Australia,1024.03
INV-3018,Charlie,Electronics,########,########,348.78,4,UK,1395.12
INV-8721,Charlie,Electronics,########,5/8/2022,11.02,5,Canada,55.1
INV-4232,Eve,Toys,########,########,90.88,2,USA,181.76
INV-3368,Bob,Books,########,########,53.99,7,USA,377.93
INV-2939,Alice,Books,########,7/6/2022,484.65,3,USA,1453.95
INV-4415,Alice,Books,########,########,345.32,10,Australia,3453.2
INV-6831,Eve,Toys,########,########,480.24,5,Germany,2401.2
INV-8744,Charlie,Clothing,########,########,412.43,6,Australia,2474.58
INV-9916,Charlie,Books,########,########,353.28,6,USA,2119.68
INV-7273,Alice,Beauty,########,7/1/2022,335.46,8,Australia,2683.68
INV-8952,Bob,Toys,########,########,352.2,3,France,1056.6
INV-5722,Diana,Toys,########,########,297.99,3,Canada,893.97
INV-5284,Frank,Clothing,4/2/2021,########,80.16,3,Germany,240.48
INV-7618,Diana,Books,########,########,308.04,9,France,2772.36
INV-6053,Frank,Books,########,########,13.77,4,Canada,55.08
INV-2912,Frank,Toys,2/2/2021,2/9/2022,138.9,10,Canada,1389
INV-7912,Diana,Toys,########,########,337.23,1,Australia,337.23
INV-2747,Alice,Groceries,2/3/2021,2/6/2022,436.88,3,France,1310.64
INV-9295,Charlie,Books,########,########,203.39,1,Canada,203.39
INV-9760,Frank,Toys,########,########,142.92,8,Australia,1143.36
INV-3581,Diana,Electronics,########,########,434.56,9,France,3911.04
INV-8339,Alice,Clothing,########,########,173.64,8,France,1389.12
INV-9264,Frank,Electronics,########,########,429.39,3,UK,1288.17
INV-4373,Eve,Electronics,7/8/2021,########,30.4,4,Germany,121.6
INV-5485,Bob,Books,########,7/2/2022,216.14,7,France,1512.98
INV-8837,Bob,Books,########,########,156.49,10,Germany,1564.9
INV-5918,Diana,Groceries,########,########,250.24,6,USA,1501.44
INV-8373,Frank,Groceries,1/3/2021,########,102.48,8,Germany,819.84
INV-5015,Charlie,Beauty,########,########,360.48,4,France,1441.92
INV-4096,Alice,Electronics,########,########,249.56,2,France,499.12
INV-2465,Bob,Groceries,########,########,219.16,10,Germany,2191.6
INV-3791,Eve,Groceries,########,########,196.92,5,France,984.6
INV-7797,Bob,Books,########,########,223.91,10,France,2239.1
INV-4991,Eve,Beauty,6/7/2021,9/3/2022,126.3,6,France,757.8
INV-4752,Frank,Electronics,########,########,115.56,6,UK,693.36
INV-5361,Frank,Electronics,########,9/6/2022,161.86,2,Australia,323.72
INV-8098,Frank,Electronics,########,2/1/2022,382.1,5,Australia,1910.5
INV-5267,Diana,Books,########,########,332.81,1,UK,332.81
INV-9252,Charlie,Toys,########,########,365.94,9,USA,3293.46
INV-5900,Diana,Electronics,########,########,176.72,4,Germany,706.88
INV-6073,Alice,Toys,########,########,20.21,8,Canada,161.68
INV-1572,Alice,Books,########,4/1/2022,270.29,4,Australia,1081.16
INV-4794,Charlie,Electronics,########,########,428.63,2,France,857.26
INV-8223,Eve,Books,5/5/2021,4/4/2022,496.82,4,France,1987.28
INV-7332,Eve,Books,########,########,419.8,10,USA,4198
INV-6261,Alice,Beauty,1/3/2021,5/6/2022,234.3,10,Australia,2343
INV-7456,Frank,Clothing,########,########,155.21,2,Australia,310.42
INV-1068,Diana,Electronics,########,########,192.11,1,Germany,192.11
INV-2171,Frank,Clothing,########,4/6/2022,225.87,6,Germany,1355.22
INV-5828,Diana,Clothing,########,########,138.44,6,Canada,830.64
INV-9950,Frank,Electronics,########,########,457.5,4,Australia,1830
INV-2367,Alice,Books,########,########,261.17,6,Germany,1567.02
INV-1433,Eve,Groceries,########,########,412.58,8,France,3300.64
INV-1508,Charlie,Clothing,########,########,281.44,7,Australia,1970.08
INV-8205,Bob,Books,########,########,254.11,8,Germany,2032.88
INV-4458,Eve,Beauty,6/7/2021,########,59.71,4,UK,238.84
INV-3110,Diana,Electronics,########,########,271.08,3,USA,813.24
INV-1226,Alice,Electronics,########,########,274.03,4,Australia,1096.12
INV-1137,Charlie,Groceries,########,########,178.27,2,Australia,356.54
INV-9136,Alice,Books,########,########,23.14,8,France,185.12
INV-1362,Eve,Beauty,########,########,191.04,4,Australia,764.16
INV-8948,Frank,Electronics,########,########,99.05,8,Australia,792.4
INV-9865,Charlie,Beauty,########,########,49.32,7,Australia,345.24
INV-7667,Frank,Beauty,3/5/2021,########,402.94,9,Canada,3626.46
INV-5597,Frank,Toys,6/8/2021,2/9/2022,423.69,6,Australia,2542.14
INV-9748,Charlie,Books,########,########,120.88,3,France,362.64
INV-3354,Charlie,Toys,9/2/2021,2/7/2022,301.82,2,Germany,603.64
INV-7521,Frank,Clothing,########,########,125.49,8,France,1003.92
INV-1132,Diana,Books,4/1/2021,########,246.43,5,France,1232.15
INV-8133,Bob,Clothing,1/6/2021,8/1/2022,202.2,5,USA,1011
INV-4272,Frank,Clothing,########,########,58.6,3,France,175.8
INV-2898,Diana,Groceries,########,1/8/2022,392.15,10,Germany,3921.5
INV-3340,Diana,Toys,2/9/2021,########,53.04,1,UK,53.04
INV-1614,Bob,Toys,3/2/2021,4/5/2022,244.81,2,France,489.62
INV-1516,Alice,Groceries,########,1/4/2022,388.36,8,Canada,3106.88
INV-5713,Frank,Clothing,########,########,375.44,6,USA,2252.64
INV-5127,Eve,Books,########,########,466.97,3,Canada,1400.91
INV-4148,Eve,Books,########,########,364.61,6,Germany,2187.66
INV-4752,Alice,Beauty,########,########,232.5,6,Australia,1395
INV-1000,Diana,Clothing,2/2/2021,########,317.17,3,USA,951.51
INV-6032,Frank,Toys,4/7/2021,########,379.57,1,Canada,379.57
INV-9552,Alice,Groceries,########,########,52.96,5,USA,264.8
INV-2725,Alice,Groceries,########,########,300.15,10,Australia,3001.5
INV-6177,Eve,Groceries,########,########,478.55,7,USA,3349.85
INV-7425,Diana,Toys,########,########,71.61,3,Canada,214.83
INV-1739,Eve,Electronics,########,########,89.48,10,UK,894.8
INV-3622,Alice,Books,########,########,21.39,4,France,85.56
INV-9224,Alice,Beauty,########,6/2/2022,200.64,7,Australia,1404.48
INV-2376,Eve,Books,3/9/2021,2/9/2022,409.64,5,UK,2048.2
INV-8042,Frank,Toys,########,########,377.77,5,Canada,1888.85
INV-2416,Frank,Toys,########,########,337.24,9,France,3035.16
INV-3174,Bob,Toys,########,########,192.64,7,Canada,1348.48
INV-8869,Charlie,Groceries,########,########,133.02,7,USA,931.14
INV-3466,Charlie,Electronics,########,########,124.12,1,UK,124.12
INV-7261,Alice,Groceries,########,########,490.01,2,France,980.02
INV-1769,Charlie,Electronics,########,########,243.85,1,UK,243.85
INV-2788,Eve,Books,2/3/2021,########,402.52,4,France,1610.08
INV-1024,Diana,Beauty,########,7/4/2022,65.65,10,France,656.5
INV-7926,Alice,Clothing,########,########,139.23,6,USA,835.38
INV-4942,Bob,Beauty,########,########,209.96,7,Canada,1469.72
INV-6665,Charlie,Clothing,########,########,414.99,2,France,829.98
INV-5010,Eve,Groceries,########,########,365.74,1,UK,365.74
INV-3233,Bob,Beauty,########,########,377.18,3,Germany,1131.54
INV-5608,Eve,Electronics,########,2/3/2022,385.02,8,France,3080.16
INV-1002,Diana,Books,5/4/2021,########,198.76,9,Germany,1788.84
INV-6702,Charlie,Toys,5/1/2021,7/4/2022,461.34,9,UK,4152.06
INV-7814,Charlie,Electronics,########,########,161.43,9,Canada,1452.87
INV-8607,Eve,Books,6/5/2021,########,345.63,2,Germany,691.26
INV-9508,Charlie,Toys,7/8/2021,8/9/2022,421.95,8,Canada,3375.6
,Charlie,Clothing,2/8/2021,8/9/2022,174.64,4,Germany,698.56
INV-1468,Bob,Beauty,########,8/5/2022,238.53,10,Australia,2385.3
INV-3716,Charlie,Books,########,########,351.26,5,Germany,1756.3
INV-9772,Bob,Toys,3/1/2021,########,363.85,10,Germany,3638.5
INV-2696,Diana,Toys,3/3/2021,########,106.16,1,Canada,106.16
INV-2739,Frank,Beauty,########,########,383.24,4,Australia,1532.96
INV-3543,Diana,Electronics,########,########,179.35,5,UK,896.75
INV-6778,Charlie,Toys,2/4/2021,########,165.72,1,Germany,165.72
INV-1423,Alice,Beauty,########,########,34.98,3,UK,104.94
INV-1306,Bob,Clothing,########,########,379.77,6,USA,2278.62
INV-1840,Eve,Beauty,########,########,316.81,7,UK,2217.67
INV-5771,Bob,Books,########,4/1/2022,276.1,2,USA,552.2
INV-1355,Frank,Beauty,########,########,16.54,10,Australia,165.4
INV-9022,Bob,Clothing,########,########,174.4,4,USA,697.6
INV-8800,Eve,Beauty,########,########,182.77,1,France,182.77
INV-2735,Bob,Electronics,########,9/7/2022,325.06,7,Canada,2275.42
INV-5500,Charlie,Books,########,########,86.59,6,USA,519.54
INV-8709,Charlie,Books,2/2/2021,########,164.19,6,Germany,985.14
INV-6363,Frank,Electronics,########,########,376.84,4,Germany,1507.36
INV-6367,Bob,Beauty,5/8/2021,########,439.41,8,USA,3515.28
INV-4117,Bob,Beauty,########,########,243.53,9,USA,2191.77
INV-4264,Alice,Clothing,########,########,443.32,3,USA,1329.96
INV-4432,Frank,Clothing,########,########,238.73,8,UK,1909.84
INV-1327,Diana,Books,########,4/4/2022,280.1,2,Australia,560.2
INV-6673,Bob,Groceries,########,8/5/2022,130.21,2,Australia,260.42
INV-3264,Charlie,Books,########,5/1/2022,173.21,2,USA,346.42
INV-3952,Diana,Electronics,6/4/2021,########,383.66,5,USA,1918.3
INV-7731,Eve,Toys,########,9/8/2022,337.56,10,Canada,3375.6
INV-9249,Alice,Toys,5/1/2021,########,489.43,1,Australia,489.43
INV-3918,Diana,Electronics,########,6/1/2022,89.3,4,Canada,357.2
INV-9260,Frank,Clothing,9/9/2021,########,308.46,7,Canada,2159.22
INV-9357,Frank,Groceries,8/5/2021,########,250.19,3,France,750.57
INV-5567,Charlie,Toys,########,6/9/2022,10.37,10,UK,103.7
INV-3136,Diana,Groceries,########,6/5/2022,209.22,3,France,627.66
INV-7094,Charlie,Books,########,4/1/2022,418.12,5,USA,2090.6
INV-1103,Diana,Toys,########,5/2/2022,141.14,3,UK,423.42
INV-6590,Alice,Electronics,########,########,59.37,4,Germany,237.48
INV-4500,Eve,Toys,########,########,306.4,5,USA,1532
INV-4105,Charlie,Groceries,########,########,33.23,9,France,299.07
INV-3301,Eve,Toys,########,########,368.58,3,France,1105.74
INV-9413,Charlie,Electronics,########,########,138.3,4,Canada,553.2
INV-5205,Eve,Toys,########,########,329.31,10,UK,3293.1
INV-5561,Diana,Groceries,########,########,55.78,4,France,223.12
INV-6157,Charlie,Books,6/2/2021,########,343.91,5,Germany,1719.55
INV-6572,Diana,Groceries,########,########,444.39,1,Australia,444.39
INV-2377,Frank,Electronics,5/1/2021,########,291.73,8,Australia,2333.84
INV-6080,Alice,Groceries,########,########,145.27,7,France,1016.89
INV-6850,Eve,Beauty,########,########,94.13,6,Australia,564.78
INV-9408,Eve,Books,########,########,349.8,5,Germany,1749
INV-1303,Alice,Books,########,########,425.69,5,France,2128.45
INV-5167,Eve,Beauty,########,########,26.3,6,Australia,157.8
INV-5451,Diana,Electronics,########,########,296.06,2,UK,592.12
INV-9356,Charlie,Toys,3/5/2021,1/2/2022,135.2,1,Canada,135.2
INV-8666,Frank,Electronics,########,########,218.37,10,France,2183.7
INV-7665,Charlie,Beauty,########,########,101.62,3,Australia,304.86
INV-9738,Charlie,Electronics,########,########,135.69,3,USA,407.07
INV-4177,Bob,Books,########,########,258.13,7,USA,1806.91
INV-2508,Diana,Clothing,########,########,20.13,2,Germany,40.26
INV-2968,Charlie,Beauty,########,########,48.59,7,Australia,340.13
INV-9454,Diana,Clothing,########,########,42.11,5,Australia,210.55
INV-8917,Charlie,Beauty,########,########,208.27,6,France,1249.62
INV-5499,Frank,Groceries,########,########,245.77,3,France,737.31
INV-1481,Diana,Beauty,########,########,131.51,1,France,131.51
INV-5696,Charlie,Clothing,########,########,27.76,9,Australia,249.84
INV-7975,Bob,Toys,########,########,143.23,1,UK,143.23
INV-3874,Bob,Clothing,########,########,290.29,10,Germany,2902.9
INV-8201,Diana,Toys,,########,221.59,9,France,1994.31
INV-7560,Diana,Electronics,########,########,44.22,1,UK,44.22
INV-1277,Alice,Groceries,########,5/8/2022,249.28,8,Germany,1994.24
INV-5304,Alice,Groceries,########,7/6/2022,379.21,3,Australia,1137.63
INV-4049,Charlie,Clothing,########,########,222.72,5,UK,1113.6
INV-3345,Alice,Groceries,########,########,326.2,2,UK,652.4
INV-6810,Frank,Electronics,########,########,322.35,3,USA,967.05
INV-4417,Frank,Beauty,8/8/2021,6/3/2022,317.19,2,France,634.38
INV-9898,Bob,Clothing,########,########,7.1,4,UK,28.4
INV-4724,Eve,Clothing,########,########,494.3,9,UK,4448.7
INV-4144,Bob,Beauty,1/7/2021,3/4/2022,305.1,8,USA,2440.8
INV-7040,Frank,Beauty,########,########,261.79,10,Canada,2617.9
INV-8750,Diana,Electronics,########,########,189.24,1,Germany,189.24
INV-5718,Charlie,Books,########,########,221.55,9,France,1993.95
INV-3853,Frank,Clothing,7/1/2021,2/4/2022,249.51,10,UK,2495.1
INV-5577,Bob,Toys,########,########,182.74,10,USA,1827.4
INV-6871,Diana,Beauty,########,########,472.37,4,USA,1889.48
INV-3881,Alice,Toys,########,########,214.88,5,France,1074.4
INV-1927,Frank,Toys,########,########,388.19,10,Canada,3881.9
INV-7709,Eve,Electronics,########,9/2/2022,384.41,1,France,384.41
INV-6332,Charlie,Clothing,########,########,300.08,3,France,900.24
INV-7618,Frank,Electronics,########,########,401.05,5,Germany,2005.25
INV-8791,Frank,Books,########,########,496.78,5,Australia,2483.9
INV-4268,Alice,Toys,3/9/2021,########,245.97,3,Australia,737.91
INV-8006,Bob,Beauty,########,########,195.37,4,UK,781.48
INV-7756,Bob,Books,########,########,131.8,1,Canada,131.8
INV-8205,Diana,Beauty,9/1/2021,8/6/2022,285.87,3,UK,857.61
INV-8652,Bob,Clothing,########,6/8/2022,341.61,7,Germany,2391.27
INV-2564,Eve,Books,########,7/4/2022,59.91,6,USA,359.46
INV-6861,Diana,Beauty,########,########,485.78,6,Germany,2914.68
INV-5019,Diana,Toys,########,5/9/2022,31.99,6,Australia,191.94
INV-9668,Bob,Beauty,1/5/2021,########,170.5,9,France,1534.5
INV-1143,Diana,Electronics,########,########,191.55,9,Germany,1723.95
INV-9757,Eve,Electronics,########,########,438.51,4,Canada,1754.04
INV-2426,Diana,Books,########,8/5/2022,78.39,6,France,470.34
INV-6432,Charlie,Groceries,########,2/7/2022,139.87,7,Germany,979.09
INV-5415,Bob,Electronics,########,########,350.94,8,USA,2807.52
INV-3351,Charlie,Books,########,########,281.69,6,USA,1690.14
INV-1204,Charlie,Clothing,########,########,136.32,10,France,1363.2
INV-1111,Charlie,Clothing,########,########,477.76,6,Germany,2866.56
INV-3879,Eve,Beauty,########,########,414.08,3,Germany,1242.24
INV-5749,Diana,Electronics,########,########,176.09,2,Canada,352.18
INV-4828,Diana,Clothing,########,########,260.52,6,UK,1563.12
INV-5588,Bob,Books,########,########,251.84,1,France,251.84
INV-9395,Bob,Groceries,########,########,442.71,10,Australia,4427.1
INV-1201,Alice,Books,########,########,97.46,6,Germany,584.76
INV-3884,Eve,Beauty,########,########,408.42,10,France,4084.2
INV-9647,Frank,Toys,3/1/2021,########,98.26,1,USA,98.26
INV-8184,Charlie,Books,########,########,319.91,4,Germany,1279.64
INV-2107,Alice,Toys,########,########,234.63,3,Canada,703.89
INV-9647,Frank,Clothing,########,########,385.01,9,Australia,3465.09
INV-9228,Charlie,Toys,########,8/8/2022,379.67,1,Australia,379.67
INV-7203,Frank,Groceries,########,########,471.11,8,France,3768.88
INV-7658,Frank,Groceries,3/4/2021,6/9/2022,51.26,1,Australia,51.26
INV-5521,Eve,Electronics,########,7/5/2022,251.55,4,Germany,1006.2
INV-9132,Diana,Books,########,8/1/2022,33.09,1,USA,33.09
INV-2528,Diana,Beauty,########,########,431.45,3,Germany,1294.35
INV-1060,Alice,Clothing,########,########,159.41,8,USA,1275.28
INV-3216,Eve,Groceries,2/1/2021,2/5/2022,331.57,4,Australia,1326.28
INV-7640,Alice,Electronics,########,########,467.28,10,Germany,4672.8
INV-1082,Charlie,Clothing,########,########,318.52,1,Australia,318.52
INV-6473,Bob,Beauty,########,########,179.84,2,Germany,359.68
INV-7600,Frank,Beauty,########,########,141.13,3,Germany,423.39
INV-6825,Alice,Books,########,########,167.05,,UK,835.25
INV-1374,Frank,Toys,########,########,494.39,2,UK,988.78
INV-3452,Frank,Books,########,########,208.83,1,Germany,208.83
INV-9834,Bob,Beauty,########,9/5/2022,448.56,5,USA,2242.8
INV-6321,Diana,Clothing,9/7/2021,########,68.21,1,Germany,68.21
INV-2052,Alice,Electronics,########,########,126.71,4,Canada,506.84
INV-9127,Diana,Books,3/2/2021,########,240.19,5,Australia,1200.95
INV-4707,Eve,Clothing,########,########,94.74,6,USA,568.44
INV-9959,Charlie,Clothing,1/5/2021,########,255.14,,USA,2551.4
INV-1906,Diana,Toys,########,########,278.84,3,Germany,836.52
INV-8757,Bob,Books,9/1/2021,########,186.47,1,USA,186.47
INV-4287,Bob,Electronics,########,########,244.24,3,France,732.72
INV-9047,Eve,Beauty,4/8/2021,7/5/2022,310.89,8,Canada,2487.12
INV-5715,Frank,Toys,########,9/3/2022,255.57,6,France,1533.42
INV-8703,Diana,Groceries,########,########,155.37,3,Australia,466.11
INV-1161,Frank,Clothing,########,########,439.72,4,France,1758.88
INV-8425,Diana,Toys,########,########,187.14,7,Germany,1309.98
INV-2473,Charlie,Clothing,########,########,6.82,3,Canada,20.46
INV-8790,Eve,Beauty,########,########,241.71,8,Australia,1933.68
INV-5688,Charlie,Electronics,########,########,337.42,9,Canada,3036.78
INV-9549,Alice,Electronics,########,8/8/2022,36.22,4,UK,144.88
INV-2297,Frank,Beauty,########,########,417.47,2,France,834.94
INV-5210,Bob,Beauty,########,########,448.88,5,Germany,2244.4
INV-5651,Bob,Clothing,########,########,136.88,9,UK,1231.92
INV-3911,Eve,Toys,########,########,438.65,4,USA,1754.6
INV-6613,Eve,Beauty,########,6/4/2022,446.13,10,UK,4461.3
INV-2066,Bob,Clothing,########,########,275.34,9,USA,2478.06
INV-1647,Bob,Electronics,8/5/2021,########,464.82,3,Germany,1394.46
INV-8309,Frank,Toys,########,8/1/2022,375.76,10,Canada,3757.6
INV-8237,Diana,Clothing,6/6/2021,########,342.07,10,USA,3420.7
INV-5630,Charlie,Toys,########,########,443.71,9,Germany,3993.39
INV-9147,Frank,Clothing,########,########,451.09,7,UK,3157.63
INV-9195,Diana,Groceries,########,########,403.9,6,UK,2423.4
INV-4528,Eve,Electronics,########,4/6/2022,297.8,10,Australia,2978
INV-1582,Charlie,Books,########,########,196.35,8,USA,1570.8
INV-1376,Diana,Electronics,########,9/5/2022,297.59,1,Australia,297.59
INV-7525,Frank,Toys,########,########,436,8,USA,3488
INV-6913,Charlie,Beauty,1/1/2021,########,409.64,2,Germany,819.28
INV-4841,Bob,Beauty,########,########,46.85,3,UK,140.55
INV-1888,Alice,Clothing,6/6/2021,########,127.3,1,UK,127.3
INV-9159,Alice,Toys,########,########,382.1,2,France,764.2
INV-9218,Eve,Groceries,########,6/3/2022,398.01,5,UK,1990.05
INV-7047,Bob,Books,########,########,366.02,1,Australia,366.02
INV-4895,Frank,Beauty,########,########,5.11,10,Canada,51.1
INV-9116,Alice,Toys,########,########,76.34,3,UK,229.02
INV-2612,Bob,Beauty,########,########,395.68,7,Australia,2769.76
INV-8123,Eve,Toys,########,########,174.81,6,Canada,1048.86
INV-3382,Charlie,Clothing,########,########,223.27,1,Canada,223.27
INV-6672,Frank,Clothing,########,########,472.56,6,USA,2835.36
INV-2382,Diana,Books,8/1/2021,########,138.43,3,France,415.29
INV-5734,Bob,Groceries,########,########,334.87,7,USA,2344.09
INV-3150,Eve,Clothing,########,########,235.5,3,USA,706.5
INV-6793,Alice,Electronics,9/1/2021,6/2/2022,97.17,6,Australia,583.02
INV-1888,Frank,Toys,########,########,288.44,7,France,2019.08
INV-2906,Diana,Groceries,2/8/2021,########,54.59,8,France,436.72
INV-5324,Alice,Electronics,########,########,129.35,10,France,1293.5
INV-4291,Alice,Beauty,########,4/2/2022,423.62,1,Canada,423.62
INV-8645,Diana,Toys,########,########,242.51,9,USA,2182.59
INV-1919,Eve,Clothing,########,########,204.97,1,UK,204.97
INV-9448,Diana,Toys,########,########,278.39,10,Germany,2783.9
INV-3696,Diana,Books,5/1/2021,8/3/2022,418.27,3,France,1254.81
INV-2011,Bob,Groceries,########,########,69.83,5,Germany,349.15
INV-8186,Eve,Books,########,########,32.11,1,Germany,32.11
INV-1008,Charlie,Electronics,########,2/4/2022,156.97,3,Australia,470.91
INV-5119,Alice,Electronics,########,########,471.77,2,Germany,943.54
INV-5110,Bob,Beauty,9/3/2021,8/9/2022,347.3,4,UK,1389.2
INV-7500,Frank,Electronics,2/3/2021,########,400.83,5,France,2004.15
INV-8089,Charlie,Electronics,6/2/2021,########,86.59,6,Australia,519.54
INV-7677,Diana,Beauty,########,########,327.23,9,Australia,2945.07
INV-4291,Frank,,########,########,213.12,6,France,1278.72
INV-7977,Eve,Beauty,########,########,181.25,10,Australia,1812.5
INV-7691,Frank,Beauty,########,########,166.08,3,USA,498.24
INV-4279,Bob,Electronics,########,########,331.57,7,Australia,2320.99
INV-3622,Eve,Electronics,2/9/2021,6/1/2022,267.58,8,UK,2140.64
INV-7227,Alice,Beauty,########,########,237.09,3,Germany,711.27
INV-4644,Charlie,Books,########,########,348.03,6,France,2088.18
INV-7571,Diana,Groceries,########,########,419.63,4,UK,1678.52
INV-7995,Eve,Beauty,########,2/1/2022,132.06,9,UK,1188.54
INV-3120,Charlie,Clothing,########,########,361.5,7,Australia,2530.5
INV-7615,Frank,Clothing,########,########,398.93,8,USA,3191.44
INV-4846,Diana,Clothing,7/3/2021,########,266.59,7,USA,1866.13
INV-1568,Frank,Toys,########,########,145.03,1,UK,145.03
INV-9937,Charlie,Clothing,########,########,437.62,1,,437.62
INV-6043,Bob,Books,########,########,472.83,7,UK,3309.81
INV-5233,Eve,Groceries,########,9/9/2022,89.81,9,France,808.29
INV-7380,Alice,Books,7/7/2021,########,432.52,5,Canada,2162.6
INV-8523,Diana,Books,8/5/2021,4/5/2022,366.06,5,France,1830.3
INV-2524,Frank,Books,########,5/6/2022,108.94,5,Australia,544.7
INV-7141,Alice,Electronics,########,########,158.04,4,USA,632.16
INV-8097,Frank,Groceries,2/4/2021,########,96.67,9,France,870.03
INV-3256,Bob,Electronics,########,1/2/2022,88.58,5,UK,442.9
INV-9557,Bob,Groceries,########,########,321.87,10,USA,3218.7
INV-2294,Eve,Toys,########,########,69.61,5,UK,348.05
INV-9365,Eve,Toys,########,########,331.96,5,Canada,1659.8
INV-2818,Bob,Clothing,########,1/1/2022,45.91,3,Canada,137.73
INV-8025,Eve,Books,########,########,90.48,6,UK,542.88
INV-7780,Charlie,Beauty,########,7/3/2022,144.33,7,UK,1010.31
INV-2813,Bob,Electronics,########,########,312.53,10,UK,3125.3
INV-4434,Eve,Beauty,########,9/5/2022,218.1,5,UK,
INV-6945,Diana,Clothing,########,########,37.22,2,Canada,74.44
INV-3101,Bob,Groceries,########,########,452.7,2,Canada,905.4
INV-8577,Bob,Toys,########,########,128.5,2,Australia,257
INV-5391,Charlie,Books,1/2/2021,1/7/2022,248.43,7,Canada,1739.01
INV-9581,Eve,Electronics,7/2/2021,########,111.06,2,USA,222.12
INV-2865,Alice,Beauty,########,2/4/2022,193.56,10,Australia,1935.6
INV-7897,Diana,Beauty,########,########,89.05,7,France,623.35
INV-6041,Eve,Groceries,########,2/3/2022,48,10,France,480
INV-8607,Alice,Books,4/8/2021,########,448.34,7,USA,3138.38
INV-4341,Charlie,Electronics,########,########,415.74,5,France,2078.7
INV-7491,Frank,Groceries,########,8/5/2022,322.74,2,Canada,645.48
INV-2055,Alice,Electronics,########,########,350.29,4,USA,1401.16
INV-2282,Alice,Books,########,########,178.98,10,USA,1789.8
INV-9453,Alice,Groceries,########,########,284.97,9,Australia,2564.73
INV-7821,Bob,Books,4/2/2021,########,247.79,3,Germany,743.37
INV-7392,Eve,Groceries,1/2/2021,########,92.37,4,USA,369.48
INV-3446,Frank,Beauty,########,3/2/2022,402.06,6,France,2412.36
INV-4049,Diana,Toys,########,########,44.61,1,France,44.61
INV-1836,Charlie,Toys,########,########,463.24,4,Canada,1852.96
INV-9407,Charlie,Beauty,########,8/5/2022,91.57,10,USA,915.7
INV-8966,Bob,Clothing,########,########,295.92,7,France,2071.44
INV-7384,Eve,Beauty,########,1/3/2022,55.24,6,Canada,331.44
INV-9021,Frank,Electronics,########,########,482.87,5,France,2414.35
INV-1809,Charlie,Toys,9/4/2021,########,356.88,2,USA,713.76
INV-9269,Eve,Groceries,5/7/2021,########,433.91,3,Australia,1301.73
INV-3096,Diana,Groceries,########,########,249.68,6,Germany,1498.08
INV-4737,Alice,Beauty,########,########,236.21,8,Germany,1889.68
INV-3228,Frank,Clothing,1/1/2021,########,215.72,10,Canada,2157.2
INV-3937,Frank,Beauty,########,########,99.25,1,UK,99.25
INV-9304,Eve,Groceries,1/7/2021,7/5/2022,463.34,9,Canada,4170.06
INV-8637,Eve,Groceries,########,########,286.34,6,Canada,1718.04
INV-5215,Bob,Toys,2/9/2021,########,464.43,3,Germany,1393.29
INV-9616,Alice,Electronics,8/8/2021,########,385.03,10,Australia,3850.3
INV-1931,Bob,Beauty,########,8/1/2022,171,4,UK,684
INV-7293,Frank,Books,########,########,294.12,7,Australia,2058.84
INV-7137,Alice,Toys,########,########,175.27,7,France,1226.89
INV-9676,Diana,Groceries,########,########,384.94,10,USA,3849.4
INV-1136,Frank,Groceries,########,########,336.35,9,USA,3027.15
INV-4908,Alice,Beauty,########,########,137.36,1,Canada,137.36
INV-2414,Frank,Electronics,########,########,124.05,2,France,248.1
INV-1182,Bob,Groceries,########,########,150.7,5,Germany,753.5
INV-3279,Charlie,Toys,########,########,242.11,10,USA,2421.1
INV-8308,Charlie,Electronics,########,########,204.58,2,Canada,409.16
INV-8353,Alice,Toys,########,1/4/2022,232.85,6,France,1397.1
INV-8563,Alice,Clothing,########,########,381.99,,Australia,3437.91
INV-3684,Bob,Beauty,########,########,377.15,3,Australia,1131.45
INV-3309,Eve,Beauty,########,########,470.98,5,Germany,2354.9
INV-4281,Eve,Groceries,########,########,197.34,9,France,1776.06
INV-2942,Eve,Beauty,########,########,402.56,4,Germany,1610.24
INV-8320,Alice,Electronics,6/3/2021,########,50.22,1,Australia,50.22
INV-3181,Charlie,Electronics,########,########,329.54,4,Germany,1318.16
INV-7612,Diana,Electronics,########,########,325.4,5,France,1627
INV-5083,Charlie,Beauty,4/3/2021,########,83.23,2,France,166.46
INV-6591,Eve,Toys,########,########,75.74,4,Australia,302.96
INV-5056,Frank,Toys,3/7/2021,4/1/2022,56.04,7,USA,392.28
INV-4062,Bob,Electronics,########,########,392.26,10,UK,3922.6
INV-7209,Bob,Clothing,########,########,16.61,10,Canada,166.1
INV-4852,Frank,Electronics,########,5/2/2022,440.13,8,Canada,3521.04
INV-5936,Bob,Electronics,########,########,272.15,5,Canada,1360.75
INV-8199,Diana,Toys,########,########,240.25,5,UK,1201.25
INV-1704,Charlie,Electronics,########,5/7/2022,395.93,10,Canada,3959.3
INV-6841,Diana,Clothing,7/6/2021,9/5/2022,400.45,2,UK,800.9
INV-3736,Diana,Beauty,########,########,292.99,6,Germany,1757.94
INV-1430,Bob,Toys,########,########,416.95,2,Australia,833.9
INV-1845,Bob,Groceries,########,########,473.54,6,USA,2841.24
INV-8745,Eve,Groceries,########,########,77.76,9,France,699.84
INV-4222,Diana,Books,########,########,209.74,4,Germany,838.96
INV-1502,Charlie,Beauty,########,########,229.58,1,UK,229.58
INV-3809,Frank,Beauty,########,########,281.64,1,USA,281.64
INV-6381,Eve,Books,########,########,446.43,5,Canada,2232.15
INV-3073,Bob,Electronics,5/4/2021,########,459.75,4,Canada,1839
INV-9827,Charlie,Books,########,8/5/2022,302.48,4,UK,1209.92
INV-5548,Diana,Electronics,########,########,426.77,2,Germany,853.54
INV-2788,Charlie,Clothing,########,########,331.52,4,Canada,1326.08
INV-1201,Frank,Clothing,########,########,420.85,7,France,2945.95
INV-3338,Alice,Toys,########,7/8/2022,419.78,2,Canada,839.56
INV-4330,Diana,Electronics,########,########,451.22,9,UK,4060.98
INV-2220,Eve,Toys,1/8/2021,5/2/2022,188.38,10,Canada,1883.8
INV-8844,Frank,Toys,########,########,396.3,7,France,2774.1
INV-2288,Eve,Books,########,########,283.84,7,Canada,1986.88
INV-9997,Bob,Toys,########,########,309.56,7,Canada,2166.92
INV-6493,Frank,Beauty,########,########,380.58,5,Canada,1902.9
INV-1327,Eve,Beauty,########,########,426.28,9,UK,3836.52
INV-9054,Frank,Toys,########,########,7.27,1,France,7.27
INV-3238,Bob,Toys,########,9/3/2022,35.69,7,UK,249.83
INV-4459,Bob,Clothing,########,########,221.06,6,Australia,1326.36
INV-7179,Diana,Clothing,########,########,90.28,10,Germany,902.8
INV-2104,Bob,Toys,########,########,170.63,7,Australia,1194.41
INV-4594,Eve,Groceries,########,########,342.44,2,USA,684.88
INV-5227,Bob,Groceries,########,9/6/2022,368.61,3,France,1105.83
INV-5606,Bob,Toys,########,########,337.4,4,USA,1349.6
INV-1757,Frank,Groceries,1/3/2021,########,468.46,7,USA,3279.22
INV-7973,Alice,Electronics,2/2/2021,2/8/2022,279.08,1,Canada,279.08
INV-8084,Eve,,########,########,180.7,10,Australia,1807
INV-4314,Eve,Electronics,########,########,252.48,9,Canada,2272.32
INV-8265,Eve,Books,########,########,376.19,7,Australia,2633.33
INV-3589,Alice,Toys,3/4/2021,########,466.22,9,Germany,4195.98
INV-8677,Alice,Electronics,########,1/7/2022,433.15,9,Germany,3898.35
INV-3901,Diana,Books,8/1/2021,########,139.1,5,Germany,695.5
INV-2193,Diana,Groceries,########,8/9/2022,498.63,6,Canada,2991.78
INV-7868,Frank,Groceries,########,########,348.73,3,UK,1046.19
INV-8937,Bob,Electronics,########,########,278.55,9,Australia,2506.95
INV-6900,Bob,Beauty,########,7/3/2022,145.19,7,Australia,1016.33
INV-2655,Frank,Groceries,########,2/4/2022,270.7,7,Australia,1894.9
INV-8140,Diana,Groceries,6/3/2021,########,88.8,5,USA,444
INV-5761,Diana,Books,########,########,361.1,8,France,2888.8
INV-3217,Alice,Toys,########,1/8/2022,121.52,2,Germany,243.04
INV-9815,Alice,Electronics,########,########,110.43,10,France,1104.3
INV-4465,Alice,Electronics,########,########,308.18,10,UK,3081.8
INV-4960,Alice,Electronics,3/2/2021,5/3/2022,73.99,4,USA,295.96
INV-4971,Alice,Beauty,########,########,451.71,6,,2710.26
INV-4468,Bob,Groceries,9/9/2021,########,195.32,8,USA,1562.56
INV-3866,Eve,Books,6/2/2021,########,248.08,4,USA,992.32
INV-5994,Frank,Beauty,7/8/2021,6/2/2022,313.24,3,USA,939.72
INV-7187,Bob,Electronics,########,5/4/2022,22.83,2,USA,45.66
INV-3655,Diana,Beauty,########,########,277.51,4,USA,1110.04
INV-5913,Alice,Books,5/4/2021,########,41.95,5,Canada,209.75
INV-8056,Eve,Beauty,########,########,422.92,6,Canada,2537.52
INV-4754,Frank,Groceries,########,########,84.22,5,France,421.1
INV-3469,Eve,Electronics,########,5/1/2022,77.82,1,France,77.82
INV-9874,Alice,Groceries,########,########,69.07,9,USA,621.63
INV-5859,Eve,Electronics,########,########,303.64,9,Germany,2732.76
INV-1314,Charlie,Groceries,########,########,92.49,7,Germany,647.43
INV-8975,Eve,Beauty,7/8/2021,########,498.73,4,Australia,1994.92
INV-2697,Bob,Toys,########,########,18.12,8,USA,144.96
INV-9356,Eve,Groceries,########,########,306.74,3,USA,920.22
INV-8130,Alice,Books,6/7/2021,########,296.32,1,UK,296.32
INV-8548,Bob,Beauty,########,########,200.06,1,France,200.06
INV-4992,Eve,Toys,6/2/2021,########,222.65,3,Australia,667.95
INV-2863,Frank,Toys,########,########,184.56,9,Canada,1661.04
INV-8133,Alice,Beauty,########,########,335.17,1,Canada,335.17
INV-6268,Eve,Groceries,########,########,177.26,10,Australia,1772.6
INV-2950,Frank,Toys,8/3/2021,5/9/2022,338.95,7,France,2372.65
INV-3646,Alice,Clothing,########,########,447.27,3,Canada,1341.81
INV-3893,Eve,Books,########,########,113.16,6,UK,678.96
INV-4796,Bob,Books,########,########,238.23,1,USA,238.23
INV-9670,Eve,Electronics,########,########,100.07,7,Australia,700.49
INV-8868,Alice,Clothing,########,########,496,7,USA,3472
INV-3359,Charlie,Clothing,5/4/2021,########,256.34,7,UK,1794.38
INV-2089,Charlie,Groceries,########,########,246.07,2,France,492.14
INV-1863,Diana,Clothing,########,########,320.97,4,USA,1283.88
INV-3957,Diana,Electronics,1/2/2021,########,342.44,9,UK,3081.96
INV-3530,Diana,Groceries,########,########,234.51,8,UK,1876.08
INV-1632,Bob,Toys,########,########,462.62,9,USA,4163.58
INV-5939,Frank,Beauty,5/2/2021,########,244,6,Germany,1464
INV-7256,Charlie,Toys,7/5/2021,2/6/2022,67.52,10,Germany,675.2
INV-1569,Frank,Books,########,########,469.58,5,France,2347.9
INV-2425,Alice,Books,4/4/2021,########,38.02,10,Australia,380.2
INV-3901,Eve,Clothing,########,6/5/2022,178.89,9,Australia,1610.01
INV-3027,Bob,Beauty,########,4/4/2022,151.41,2,Australia,302.82
INV-9928,Eve,Groceries,########,########,78,5,USA,390
INV-9443,Alice,Electronics,3/4/2021,########,451.29,3,Canada,1353.87
INV-1249,Eve,Groceries,7/9/2021,########,484.05,8,USA,3872.4
INV-2624,Eve,Books,########,5/1/2022,77.87,9,Germany,700.83
INV-9327,Alice,Electronics,########,8/2/2022,77.45,10,USA,774.5
INV-3682,Charlie,Groceries,########,########,333.01,9,Australia,2997.09
INV-2989,Alice,Books,########,9/1/2022,177.55,3,Germany,532.65
INV-3142,Frank,Books,########,########,60.29,6,Australia,361.74
INV-3776,Bob,Beauty,4/3/2021,4/3/2022,442.16,9,USA,3979.44
INV-3064,Charlie,Beauty,########,########,9.5,1,USA,9.5
INV-8901,Eve,Electronics,9/1/2021,########,10.25,2,Australia,20.5
INV-1281,Bob,Electronics,########,########,323.13,8,USA,2585.04
INV-1400,Diana,Clothing,########,########,80.56,9,France,725.04
INV-2290,Alice,Groceries,########,8/5/2022,262.27,1,USA,262.27
INV-3440,Bob,Groceries,########,########,90.97,10,France,909.7
INV-8859,Charlie,Books,########,########,379.58,7,UK,2657.06
INV-7577,Eve,Books,########,########,263.34,4,Germany,1053.36
INV-7045,Bob,Electronics,########,########,122.24,1,Canada,122.24
INV-3599,Diana,Beauty,########,########,225.43,4,Australia,901.72
INV-8835,Charlie,Toys,4/9/2021,########,470.82,10,Canada,4708.2
INV-8329,Frank,Groceries,########,########,95.25,9,USA,857.25
INV-5106,Bob,Books,########,########,391.51,4,Canada,1566.04
INV-1639,Charlie,Beauty,########,7/3/2022,125.52,6,UK,753.12
INV-8834,Eve,Books,########,6/4/2022,481.88,5,UK,2409.4
INV-1059,Bob,Groceries,########,########,31.57,9,France,284.13
INV-3727,Bob,Groceries,########,########,108.58,10,France,1085.8
INV-5520,Bob,Electronics,########,########,223.64,5,Germany,1118.2
INV-4198,Bob,Electronics,########,########,118.23,5,UK,591.15
INV-1857,Diana,Books,########,########,123.43,6,Australia,740.58
INV-7645,Alice,Toys,1/3/2021,########,205.33,7,Canada,1437.31
INV-4989,Alice,Electronics,########,########,409.33,7,France,2865.31
INV-7500,Bob,Books,########,########,458.52,10,Canada,4585.2
INV-5401,Frank,Electronics,########,########,159.55,7,Australia,1116.85
INV-6953,Charlie,Toys,########,8/3/2022,191.33,7,Germany,1339.31
INV-1208,Alice,Groceries,########,5/1/2022,230.96,8,France,1847.68
INV-1682,Eve,Groceries,########,########,170.24,2,France,340.48
INV-8265,Bob,Electronics,########,1/2/2022,141.41,5,France,707.05
INV-3092,Frank,Books,########,########,64.62,1,UK,64.62
INV-1788,Frank,Groceries,########,########,99.54,3,Germany,298.62
INV-3519,Charlie,Electronics,########,########,346.58,1,USA,346.58
INV-9850,Alice,Beauty,########,########,161.52,5,Canada,807.6
INV-2079,Bob,Groceries,########,########,409.25,5,USA,2046.25
INV-5462,Eve,Clothing,########,########,88.07,3,USA,264.21
INV-4146,Diana,Electronics,########,6/7/2022,398.43,5,France,1992.15
INV-4767,Frank,Beauty,########,6/2/2022,356.86,2,USA,713.72
INV-4898,Alice,Beauty,8/6/2021,########,465.71,2,Germany,931.42
INV-9424,Bob,Clothing,########,2/6/2022,111.22,2,Germany,222.44
INV-4930,Frank,Electronics,########,1/6/2022,443.6,3,Canada,1330.8
INV-6073,Bob,Clothing,########,########,152.91,9,UK,1376.19
INV-2871,Alice,Toys,########,########,5.79,6,USA,34.74
INV-8679,Bob,Toys,5/8/2021,########,239.93,3,Australia,719.79
INV-9928,Bob,Clothing,########,########,491.27,7,Canada,3438.89
INV-2292,Eve,Beauty,2/2/2021,########,245.96,10,Germany,2459.6
INV-3398,Diana,Clothing,5/4/2021,########,70.53,5,France,352.65
INV-7412,Frank,Books,7/2/2021,########,235,4,Australia,940
INV-5441,Eve,Groceries,5/1/2021,########,243.14,1,UK,243.14
INV-3603,Eve,Toys,########,########,152.19,5,Australia,760.95
INV-1511,Frank,Groceries,########,########,24.18,9,Germany,217.62
INV-4712,Frank,Beauty,7/9/2021,6/7/2022,341.49,10,USA,3414.9
INV-1419,Charlie,Groceries,########,########,431.79,1,Canada,431.79
INV-8828,Alice,Beauty,########,########,228.11,2,Germany,456.22
INV-6155,Frank,Toys,3/9/2021,6/9/2022,74.84,6,France,449.04
INV-2456,Alice,Toys,########,########,72.37,5,UK,361.85
INV-6829,Frank,Books,########,########,114.83,1,Australia,114.83
INV-3598,Bob,Toys,########,########,477.38,8,USA,3819.04
INV-9565,Frank,Clothing,########,4/4/2022,9.27,2,Australia,18.54
INV-4540,Frank,Electronics,########,########,252.03,2,USA,504.06
INV-4973,Eve,Toys,########,########,183.82,5,USA,919.1
INV-6141,Alice,Toys,########,########,385.8,7,France,2700.6
INV-5926,Eve,Groceries,########,########,259.02,4,UK,1036.08
INV-3448,Alice,Books,########,########,278.82,8,France,2230.56
INV-7702,Frank,Clothing,########,########,47.59,6,Australia,285.54
INV-2493,Diana,Electronics,########,########,388.25,10,Germany,3882.5
INV-7440,Eve,Groceries,########,########,345.01,10,Germany,3450.1
INV-3186,Charlie,Toys,########,########,312.31,6,Australia,1873.86
INV-5350,Charlie,Electronics,########,########,133.86,1,Canada,133.86
INV-6546,Eve,Books,########,8/9/2022,446.73,9,Canada,4020.57
INV-8668,Bob,Electronics,########,1/6/2022,231.81,4,Germany,927.24
INV-9732,Frank,Clothing,########,6/2/2022,10.08,2,Australia,20.16
,Frank,Electronics,########,8/9/2022,395.15,4,Australia,1580.6
INV-3350,Eve,Electronics,########,5/9/2022,444.8,4,Australia,1779.2
INV-8641,Charlie,Beauty,########,########,198.1,5,Australia,990.5
INV-8517,Alice,Books,########,########,467.41,4,USA,1869.64
INV-7519,Eve,Electronics,8/5/2021,########,155.9,4,Australia,623.6
INV-5190,Alice,Beauty,########,########,156.89,5,UK,784.45
INV-9737,Alice,Toys,########,########,439.64,5,UK,2198.2
INV-5333,Diana,Beauty,########,########,233.9,8,UK,1871.2
INV-3240,Frank,Electronics,########,########,121.5,7,Germany,850.5
INV-3247,Frank,Toys,########,########,100.08,10,UK,1000.8
INV-2887,Charlie,Groceries,########,########,199.58,7,USA,1397.06
INV-7065,Eve,Books,6/9/2021,########,246.65,7,Germany,1726.55
INV-9559,Charlie,Beauty,1/4/2021,7/6/2022,334.01,7,Canada,2338.07
INV-2704,Eve,Toys,########,1/3/2022,133.46,10,France,1334.6
INV-2670,Frank,,8/9/2021,########,148.47,9,Canada,1336.23
INV-8873,Bob,Beauty,6/6/2021,6/4/2022,234.93,1,Canada,234.93
INV-2994,Eve,Books,########,########,216.33,8,UK,1730.64
INV-2411,Bob,Clothing,########,1/4/2022,86.23,5,UK,431.15
INV-3687,Eve,Electronics,########,########,417.2,7,Germany,2920.4
INV-2363,Charlie,Toys,########,########,297.54,6,Australia,1785.24
INV-3811,Diana,Clothing,########,########,162.71,9,Canada,1464.39
INV-2129,Charlie,Beauty,########,########,28,3,Canada,84
INV-5426,Diana,Books,########,5/9/2022,347.18,10,UK,3471.8
INV-5520,Charlie,Clothing,9/1/2021,9/9/2022,104.31,8,France,834.48
INV-2753,Eve,Groceries,4/3/2021,########,6.96,7,Germany,48.72
INV-1217,Frank,Toys,########,########,268.93,7,Canada,1882.51
INV-6973,Eve,Beauty,########,6/6/2022,455.27,7,Germany,3186.89
INV-4689,Frank,Beauty,########,########,277.11,4,Australia,1108.44
INV-2002,Charlie,Groceries,9/6/2021,########,401.46,2,UK,802.92
INV-9991,Alice,Electronics,########,########,369.43,9,Australia,3324.87
INV-2195,Diana,Electronics,########,########,161.03,10,USA,1610.3
INV-7582,Diana,Groceries,########,########,156.76,1,Germany,156.76
INV-6679,Charlie,Groceries,########,########,231.25,10,USA,2312.5
INV-9543,Bob,Beauty,########,9/7/2022,318.69,4,Germany,1274.76
INV-3033,Bob,Groceries,########,########,380.93,6,Australia,2285.58
INV-8453,Bob,Toys,########,########,216.99,6,Germany,1301.94
INV-3288,Frank,Toys,########,########,238.52,8,USA,1908.16
INV-9701,Frank,Groceries,########,########,260.71,2,UK,521.42
INV-9689,Alice,Electronics,########,7/9/2022,374.89,2,UK,749.78
INV-9139,Alice,Electronics,########,########,407.62,7,Canada,2853.34
INV-8623,Alice,Groceries,2/6/2021,########,267.36,1,USA,267.36
INV-3422,Alice,Toys,4/5/2021,4/1/2022,225.12,7,Canada,1575.84
INV-3673,Alice,Beauty,########,########,335.15,4,Canada,1340.6
INV-5947,Charlie,Toys,1/3/2021,6/5/2022,293.48,2,USA,586.96
INV-1943,Eve,Groceries,########,########,133.81,6,Germany,802.86
INV-3555,Alice,Toys,########,4/6/2022,494.13,8,UK,3953.04
INV-5386,Eve,Clothing,########,########,79.93,5,USA,399.65
INV-6768,Charlie,Toys,########,1/2/2022,434.09,5,Germany,2170.45
INV-5723,Diana,Toys,4/4/2021,6/7/2022,334.21,9,UK,3007.89
INV-9028,Eve,Groceries,########,########,208.98,2,Canada,417.96
INV-7970,Charlie,Beauty,########,2/9/2022,312.84,7,Australia,2189.88
INV-1803,Frank,Books,1/1/2021,########,86.68,9,Canada,780.12
INV-9179,Frank,Books,########,########,394.81,8,UK,3158.48
INV-5228,Eve,Books,########,########,21.43,10,Australia,214.3
INV-8149,Alice,Beauty,########,########,439.08,7,France,3073.56
INV-1356,Alice,Clothing,########,########,443.94,10,USA,4439.4
INV-9791,Alice,Groceries,########,########,135.43,9,France,1218.87
INV-1883,Bob,Groceries,7/8/2021,########,404.18,6,France,2425.08
INV-4907,Diana,Books,########,########,312.44,5,USA,1562.2
INV-6519,Diana,Clothing,########,########,138,9,Germany,1242
INV-6213,Diana,Electronics,########,########,340.1,5,Germany,1700.5
INV-1597,Frank,Toys,########,########,64.24,2,France,128.48
INV-9249,Bob,Electronics,########,8/3/2022,130.74,4,Germany,522.96
INV-7591,Frank,Groceries,########,6/9/2022,285.59,1,UK,285.59
INV-1556,Alice,Electronics,########,########,150.6,9,USA,1355.4
INV-2405,Charlie,Clothing,########,7/5/2022,323.04,8,Canada,2584.32
INV-3660,Alice,Toys,########,########,357.07,10,France,3570.7
INV-3498,Frank,Clothing,########,########,362.58,10,USA,3625.8
INV-7403,Alice,Books,6/2/2021,########,328.81,4,USA,1315.24
INV-5640,Eve,Clothing,########,########,21.76,1,Germany,21.76
INV-7389,Eve,Books,########,1/3/2022,201.96,9,Germany,1817.64
INV-7590,Diana,Groceries,9/2/2021,########,47.15,7,UK,330.05
INV-1600,,Books,########,########,55.52,1,UK,55.52
INV-7638,Charlie,Groceries,########,########,406.02,1,Canada,406.02
INV-2183,Charlie,Electronics,########,8/9/2022,195.75,4,Canada,783
INV-1712,Frank,Groceries,1/7/2021,########,491.12,7,Australia,3437.84
INV-8122,Charlie,Electronics,########,########,469.83,8,USA,3758.64
INV-2124,Eve,Toys,########,########,185.14,4,Australia,740.56
INV-4967,Alice,Electronics,########,########,9,9,France,81
INV-7539,Eve,Electronics,########,########,99.66,4,UK,398.64
INV-5728,Diana,Electronics,########,1/9/2022,227.96,1,USA,227.96
INV-2282,Diana,Toys,########,########,232.92,3,UK,698.76
INV-5787,Charlie,Beauty,8/9/2021,########,323.19,9,Canada,2908.71
INV-4684,Diana,Toys,6/1/2021,########,181.29,3,USA,543.87
INV-8414,Alice,Electronics,########,########,311.03,6,Canada,1866.18
INV-1529,Charlie,Groceries,5/1/2021,########,407.41,5,France,2037.05
INV-2540,Eve,Beauty,########,########,377.03,3,France,1131.09
INV-8161,Alice,Clothing,########,7/5/2022,120.23,1,UK,120.23
INV-9050,Alice,Groceries,########,########,83.71,,Germany,585.97
INV-3385,Diana,Groceries,########,########,183.69,1,Australia,183.69
INV-9095,Frank,Groceries,########,########,427.11,10,Canada,4271.1
INV-7171,Eve,Electronics,4/6/2021,########,62.11,7,Germany,434.77
INV-3850,Alice,Books,########,########,117.11,2,Germany,234.22
INV-4227,Charlie,Books,9/3/2021,4/9/2022,322.63,4,Canada,1290.52
INV-3778,Alice,Beauty,########,########,64.87,3,Canada,194.61
INV-3368,Charlie,Clothing,########,1/5/2022,180.21,3,USA,540.63
INV-7905,Charlie,Clothing,########,########,91.85,8,Canada,734.8
INV-1049,Charlie,Groceries,1/2/2021,########,37.85,6,USA,227.1
INV-8346,Eve,Books,########,########,120.01,4,Australia,
INV-9084,Alice,Groceries,########,########,199.16,10,Germany,1991.6
INV-6494,Charlie,Electronics,########,########,73.23,8,Canada,585.84
INV-2301,Eve,Electronics,########,########,375.06,6,France,2250.36
INV-1358,Charlie,Electronics,2/4/2021,########,338.32,10,Germany,3383.2
INV-4927,Bob,Clothing,########,########,389.2,6,,2335.2
INV-7236,Alice,Books,########,3/7/2022,127.22,2,Germany,254.44
INV-9299,Bob,Beauty,########,########,307.96,3,Germany,923.88
INV-2958,Alice,Books,########,########,448.88,2,France,897.76
INV-5003,Charlie,Beauty,########,########,102.38,4,Canada,409.52
INV-5228,Eve,Clothing,########,1/9/2022,301.54,3,Germany,904.62
INV-1123,Frank,Beauty,7/4/2021,########,304.61,4,Germany,1218.44
INV-5112,Eve,Books,5/1/2021,########,31.48,9,UK,
INV-2427,Bob,Beauty,########,9/9/2022,41.22,9,France,370.98
INV-9696,Frank,Clothing,########,########,230.62,9,France,2075.58
INV-7147,Diana,Toys,########,2/5/2022,153.5,9,France,1381.5
INV-7619,Diana,Groceries,3/2/2021,,372.65,2,UK,745.3
INV-6348,Charlie,Groceries,1/6/2021,########,43.13,7,UK,301.91
INV-2051,Alice,Clothing,########,########,494.18,5,Australia,2470.9
INV-2485,Eve,Beauty,########,########,113.03,2,France,226.06
INV-1670,Frank,Beauty,########,########,214.41,6,UK,1286.46
INV-1582,Alice,Groceries,########,########,478.56,6,France,2871.36
INV-4991,Alice,Toys,########,########,309.98,7,Germany,2169.86
INV-1791,Alice,Beauty,########,########,167.54,5,UK,837.7
INV-8194,Eve,Groceries,8/1/2021,########,471.22,1,USA,471.22
INV-4619,Eve,Electronics,########,########,319.18,1,USA,319.18
INV-6354,Diana,Groceries,########,1/2/2022,15.79,7,Canada,110.53
INV-2682,Charlie,Books,########,########,141.69,2,Australia,283.38
INV-2601,Frank,Clothing,########,########,367.44,1,France,367.44
INV-9519,Charlie,Beauty,9/3/2021,4/9/2022,339.95,3,Canada,1019.85
INV-9550,Diana,Beauty,########,########,,4,Canada,730.64
INV-6318,Alice,Electronics,########,########,75.11,4,UK,300.44
INV-2041,Diana,Electronics,########,########,219.72,2,France,439.44
INV-4924,Frank,Clothing,########,2/4/2022,58.5,6,UK,351
INV-5881,Charlie,Groceries,########,########,69.54,1,UK,69.54
INV-2992,Frank,Electronics,########,########,372.73,7,Germany,2609.11
INV-2575,Alice,Groceries,########,1/4/2022,307.7,1,USA,307.7
INV-8128,Frank,Toys,########,########,414.98,9,Canada,3734.82
INV-7063,Bob,Beauty,########,########,265.09,9,USA,2385.81
INV-4261,Alice,Groceries,########,6/4/2022,150.55,7,USA,1053.85
INV-6311,Diana,Books,########,########,147.35,10,UK,1473.5
INV-3890,Diana,Groceries,########,########,208.08,9,Canada,1872.72
INV-6545,Eve,Books,########,2/1/2022,105.18,5,Australia,525.9
INV-6842,Charlie,Books,########,########,364.35,2,Germany,728.7
INV-1811,Alice,Beauty,########,########,92.78,4,Germany,371.12
INV-1402,Alice,Books,########,########,369.35,6,Australia,2216.1
INV-2316,Diana,Electronics,########,########,329.87,6,Canada,1979.22
INV-3580,Frank,Books,########,########,41.49,10,France,414.9
INV-1756,Alice,Beauty,########,########,383.88,2,Germany,767.76
INV-3117,Bob,Electronics,########,########,48.97,1,France,48.97
INV-5225,Charlie,Electronics,########,########,431.66,3,Canada,1294.98
INV-3562,Charlie,Books,1/8/2021,########,42.78,3,France,128.34
INV-6321,Alice,Toys,########,########,312.94,7,UK,2190.58
INV-4012,Alice,Electronics,########,########,353.88,8,Canada,2831.04
INV-7382,Charlie,Books,########,########,408.2,2,Australia,816.4
INV-7660,Diana,Electronics,########,########,11.9,6,Australia,71.4
INV-3147,Charlie,Electronics,########,7/6/2022,449.01,9,France,4041.09
INV-3064,Charlie,Groceries,########,8/3/2022,332.23,3,USA,996.69
INV-4391,Bob,Beauty,9/7/2021,########,206.8,8,USA,1654.4
INV-3963,Charlie,Clothing,########,########,147.88,6,Germany,887.28
INV-9185,Frank,Clothing,########,########,213.76,2,Germany,427.52
INV-3773,Frank,Books,########,########,440.12,3,Australia,1320.36
INV-1502,Alice,Books,########,########,494.24,5,UK,2471.2
INV-6030,Frank,Electronics,4/1/2021,########,481.83,8,Australia,3854.64
INV-7103,Alice,Toys,########,########,133.74,10,USA,1337.4
INV-1084,Frank,Groceries,########,########,90.14,8,USA,721.12
INV-8209,Diana,Beauty,########,########,448.32,6,UK,2689.92
INV-5917,Frank,Clothing,########,########,124.2,3,Australia,372.6
INV-5253,Alice,Electronics,########,########,398.51,10,USA,3985.1
INV-1397,Bob,Electronics,########,########,142.69,2,Canada,
INV-7270,Alice,Books,########,########,430.34,2,UK,860.68
INV-4788,Alice,Electronics,########,########,320.83,4,Canada,1283.32
INV-6933,Diana,Books,2/6/2021,########,96.71,4,UK,386.84
INV-7647,Charlie,Toys,########,3/3/2022,462.51,8,UK,3700.08
INV-2637,Eve,Clothing,########,########,291.49,10,UK,2914.9
INV-3636,Eve,Groceries,########,########,46.28,4,USA,185.12
INV-7691,Bob,Books,########,########,488.03,1,Australia,488.03
INV-6523,Bob,Beauty,########,########,302.87,8,Canada,2422.96
INV-1960,Charlie,Electronics,########,########,491.54,8,Germany,3932.32
INV-7415,Frank,Books,########,########,356.08,10,France,3560.8
INV-9618,Charlie,Beauty,########,########,151.76,9,France,1365.84
INV-2966,Eve,Clothing,########,########,471.15,3,Canada,1413.45
INV-7592,Frank,Clothing,########,3/7/2022,263.28,7,Australia,1842.96
INV-9545,Diana,Electronics,3/3/2021,########,120.69,9,France,1086.21
INV-4907,Charlie,Toys,6/4/2021,########,404.98,2,UK,809.96
INV-8963,Bob,Beauty,########,########,399.72,5,Canada,1998.6
,Frank,Clothing,########,########,8,3,Australia,24
INV-8647,Charlie,Clothing,8/9/2021,########,243.17,4,USA,972.68
INV-7978,Charlie,Beauty,########,########,82.37,1,UK,82.37
INV-9171,Alice,Electronics,2/2/2021,########,386.31,9,USA,3476.79
INV-2915,Charlie,Beauty,########,1/2/2022,90.26,4,USA,361.04
INV-9040,Diana,Groceries,########,########,146.65,2,Germany,293.3
INV-4783,Diana,Toys,########,########,225.24,4,Germany,900.96
INV-9215,Frank,Electronics,########,########,8.15,9,USA,73.35
INV-1019,Diana,Groceries,########,########,152.48,6,Germany,914.88
INV-6844,Eve,Clothing,########,########,133.65,1,Canada,133.65
INV-5037,Eve,Books,1/5/2021,########,294.46,9,Canada,2650.14
INV-3774,Charlie,Clothing,########,1/4/2022,289.78,1,USA,289.78
INV-5996,Diana,Toys,########,########,339.27,3,UK,1017.81
INV-8340,Bob,Toys,########,########,249.71,3,Canada,749.13
INV-8722,Eve,Clothing,6/5/2021,########,207.44,3,Germany,622.32
INV-6170,Charlie,Electronics,########,########,113.6,2,Germany,227.2
INV-6672,Eve,Books,9/3/2021,4/4/2022,491.67,4,France,1966.68
INV-9794,Alice,Electronics,########,########,89.74,,Germany,628.18
INV-3224,Alice,Toys,########,########,41.44,6,USA,248.64
INV-9633,Frank,Groceries,7/8/2021,########,307.24,1,USA,307.24
INV-6999,Frank,Clothing,########,########,131.2,3,Australia,393.6
INV-4557,Eve,Toys,########,########,463.97,4,UK,1855.88
INV-9562,Bob,Groceries,########,6/9/2022,411.05,6,Canada,2466.3
INV-9292,Alice,Books,########,########,355.44,2,Australia,710.88
INV-9488,Bob,Electronics,########,########,95.81,8,Canada,766.48
INV-6741,Eve,Toys,7/8/2021,########,433.67,1,USA,433.67
INV-7232,Charlie,Toys,########,########,242.72,4,Germany,970.88
INV-3501,Alice,Clothing,########,########,30.92,4,France,123.68
INV-3773,Charlie,Electronics,########,6/7/2022,418.8,3,France,1256.4
INV-5649,Eve,Beauty,########,########,417.45,8,Canada,3339.6
INV-7834,Eve,Groceries,########,########,45.65,2,Canada,91.3
INV-5529,Charlie,Books,########,########,42.8,8,Germany,342.4
INV-6594,Bob,Electronics,########,########,186.56,10,Germany,1865.6
INV-6663,Diana,Clothing,########,########,381.53,10,USA,3815.3
INV-8180,Diana,Clothing,########,########,47.84,9,USA,430.56
INV-8919,Frank,Groceries,########,########,364.45,3,France,1093.35
INV-4570,Frank,Books,########,########,302.68,7,Canada,2118.76
INV-7987,Alice,Clothing,########,########,377,7,USA,2639
INV-9018,Diana,Books,########,########,457.49,1,UK,457.49
INV-8429,Frank,Electronics,########,########,171.88,2,UK,343.76
INV-5348,Eve,Books,########,########,110.61,2,France,221.22
INV-7041,Eve,Toys,9/6/2021,6/1/2022,221.89,6,France,1331.34
INV-7079,Diana,Electronics,########,8/2/2022,259.71,6,Germany,1558.26
INV-4116,Alice,Groceries,2/4/2021,########,482.69,4,Canada,1930.76
INV-5639,Diana,Beauty,########,########,205.06,2,France,410.12
INV-8689,Charlie,Beauty,########,7/9/2022,50.68,7,Canada,354.76
INV-2878,Bob,Groceries,2/8/2021,########,336.46,5,USA,1682.3
INV-8963,Frank,Groceries,########,########,445.07,9,Australia,4005.63
INV-8059,Bob,Groceries,########,########,146.15,1,UK,146.15
INV-5566,Charlie,Toys,########,########,250.21,9,Canada,2251.89
INV-3088,Diana,Clothing,########,########,56.26,8,USA,450.08
INV-5654,Bob,Beauty,########,########,193.42,5,Germany,967.1
INV-2288,Frank,Groceries,########,########,474.86,7,France,3324.02
INV-7594,Frank,Beauty,########,########,288.47,6,Germany,1730.82
INV-4555,Diana,Electronics,########,########,235.26,7,Germany,1646.82
INV-9183,Charlie,Toys,5/2/2021,########,76.11,5,Canada,380.55
INV-5655,Eve,Clothing,6/8/2021,5/9/2022,211.71,6,France,1270.26
INV-9915,Charlie,Clothing,########,########,430.47,3,France,1291.41
INV-3608,Frank,Toys,########,########,362.43,5,Canada,1812.15
INV-5008,Eve,Toys,5/1/2021,########,344.17,2,France,688.34
INV-7251,Diana,Beauty,########,########,338.64,10,France,3386.4
INV-1774,Eve,Beauty,3/1/2021,5/3/2022,237,10,France,2370
INV-7864,Frank,Electronics,########,########,367.88,6,USA,2207.28
INV-7245,Charlie,Groceries,########,9/1/2022,22.42,5,Canada,112.1
INV-8431,Charlie,Toys,4/6/2021,########,253.82,10,France,2538.2
INV-7160,Alice,Toys,########,########,405.4,10,France,4054
INV-7717,Eve,Toys,########,########,363.94,9,Germany,3275.46
INV-6552,Eve,Toys,########,########,273.95,9,UK,2465.55
INV-9384,Diana,,########,1/4/2022,330.25,7,UK,2311.75
INV-3488,Alice,Electronics,########,########,102.66,1,Australia,102.66
INV-6591,Diana,Books,########,1/5/2022,329.95,6,USA,1979.7
INV-7997,Eve,Groceries,########,9/7/2022,30.54,3,Canada,91.62
INV-7783,Diana,Books,########,########,90.64,3,France,271.92
INV-8086,Diana,Books,########,1/6/2022,299.94,4,USA,1199.76
INV-5587,Eve,Clothing,########,########,25.7,9,UK,231.3
INV-3377,,Toys,########,########,125.48,4,Germany,501.92
INV-6949,Frank,Beauty,########,6/1/2022,384.2,3,France,1152.6
INV-3729,Eve,Books,########,########,33.39,8,Germany,267.12
INV-7379,Eve,Toys,########,########,138.41,3,UK,415.23
INV-7095,Frank,Books,1/7/2021,########,215.85,,UK,2158.5
INV-1075,Bob,Groceries,########,########,228.64,5,UK,1143.2
INV-7377,Diana,Books,4/5/2021,########,73.65,2,Canada,147.3
INV-1690,Alice,Toys,5/1/2021,########,297.52,10,Canada,2975.2
INV-3852,Alice,Beauty,########,6/6/2022,184.53,8,France,1476.24
INV-5038,Diana,Beauty,########,########,111.2,1,Australia,111.2
INV-5835,Bob,Toys,########,########,281.66,3,UK,844.98
INV-4765,Bob,Beauty,8/9/2021,########,121.31,1,France,121.31
INV-4882,Diana,Electronics,########,########,41.99,7,USA,293.93
INV-9379,Charlie,Clothing,########,########,158.14,3,USA,474.42
INV-4803,Eve,Toys,########,########,478.35,6,USA,2870.1
INV-1472,Diana,Books,########,9/3/2022,114.81,9,UK,1033.29
INV-2784,Alice,Books,########,########,324.11,8,USA,2592.88
INV-4404,Frank,Clothing,########,########,235.23,4,Australia,940.92
INV-7556,Charlie,Groceries,########,########,47.28,10,Germany,472.8
INV-8145,Diana,Electronics,########,2/2/2022,114.49,3,UK,343.47
INV-9723,Eve,Beauty,########,########,243.42,6,Germany,1460.52
INV-9260,Bob,Groceries,4/9/2021,########,159.04,6,USA,954.24
INV-4621,Eve,Groceries,########,########,361.99,2,France,723.98
INV-6048,Diana,Clothing,########,########,219.36,4,USA,877.44
INV-8562,Alice,Books,########,########,381.79,7,France,2672.53
INV-5450,Eve,Toys,########,########,228.08,5,Australia,1140.4
INV-1895,Eve,Clothing,7/4/2021,########,198.78,10,France,1987.8
INV-7272,Charlie,Electronics,########,,123.72,6,Australia,742.32
INV-3993,Bob,Groceries,########,5/4/2022,462.58,3,USA,1387.74
INV-2095,Diana,Toys,########,########,297.86,1,Australia,297.86
INV-6771,Bob,Electronics,########,7/1/2022,457.38,6,USA,2744.28
INV-3425,Bob,Toys,########,########,72.95,1,Germany,72.95
INV-3565,Frank,Books,########,########,7,1,USA,7
INV-1905,Eve,Toys,########,########,287.35,7,France,2011.45
INV-6085,Frank,Groceries,########,7/4/2022,156.56,8,Canada,1252.48
INV-6871,Frank,Groceries,,########,90.19,7,Australia,631.33
INV-8249,Charlie,Toys,########,########,47.68,8,UK,381.44
INV-9808,Charlie,Books,########,########,204.95,9,France,1844.55
INV-7164,Frank,Toys,########,########,184.5,10,Canada,1845
INV-1113,Charlie,Clothing,########,6/2/2022,6.63,8,France,53.04
INV-4642,Bob,Beauty,########,########,203.01,5,USA,1015.05
INV-7293,Eve,Books,########,########,439.85,9,UK,3958.65
INV-6573,Diana,Groceries,2/9/2021,########,353.51,3,France,1060.53
INV-7712,Bob,Toys,8/1/2021,########,359.57,8,France,2876.56
INV-2252,Diana,Electronics,########,########,490.73,5,France,2453.65
INV-2165,Eve,Groceries,########,########,69.41,6,Canada,416.46
INV-9495,Diana,Groceries,6/9/2021,########,118.61,8,France,948.88
INV-3870,Bob,Groceries,########,########,142.59,1,Australia,142.59
INV-4422,Charlie,Groceries,########,########,442.32,5,France,2211.6
INV-3379,Charlie,Electronics,########,########,343.65,7,UK,2405.55
INV-2747,Diana,Groceries,########,5/5/2022,375.66,8,France,3005.28
INV-2081,Bob,Clothing,########,########,317.87,2,Germany,635.74
INV-1129,Charlie,Books,########,########,209.8,9,Australia,1888.2
INV-3695,Frank,Groceries,########,########,238.12,10,France,2381.2
INV-3906,Charlie,Books,########,########,489.93,9,USA,4409.37
INV-5753,Frank,Groceries,########,########,77.72,10,France,777.2
INV-8325,Diana,Toys,########,########,349.21,2,Canada,698.42
INV-2535,Frank,Clothing,########,########,449.46,3,Australia,1348.38
INV-7661,Diana,Toys,########,########,443.03,6,France,2658.18
INV-8067,Frank,Books,########,########,437.66,1,Canada,437.66
INV-6611,Frank,Electronics,########,########,404.58,3,UK,1213.74
INV-4267,Bob,Electronics,########,########,444.89,7,Canada,3114.23
INV-5442,Alice,Clothing,########,########,50.26,9,Australia,452.34
INV-3497,Alice,Clothing,########,########,103.78,2,France,207.56
INV-9565,Bob,Toys,########,3/9/2022,400.88,1,Australia,400.88
INV-4866,Alice,Groceries,3/5/2021,########,194.75,8,Germany,1558
INV-7379,Alice,Toys,########,########,249.85,7,Australia,1748.95
INV-6642,Bob,Toys,########,########,224.64,7,UK,1572.48
INV-8452,Diana,Books,########,4/9/2022,97.73,7,Canada,684.11
INV-4271,Bob,Beauty,########,########,91.85,9,France,826.65
INV-8587,Alice,Groceries,########,9/3/2022,41.06,2,UK,82.12
INV-2137,Eve,Groceries,########,########,252.92,2,USA,505.84
INV-2505,Bob,Electronics,4/6/2021,########,224.51,2,UK,449.02
INV-2244,Diana,Clothing,########,7/4/2022,217.99,5,Germany,1089.95
INV-8246,Bob,Groceries,########,########,476.68,10,Canada,4766.8
INV-1937,Eve,Books,########,########,465.64,4,UK,1862.56
INV-6817,Eve,Groceries,########,########,69.17,7,Australia,484.19
INV-5789,Charlie,Toys,########,9/1/2022,224.77,8,Germany,1798.16
INV-3635,Alice,Toys,########,########,409.26,8,Australia,3274.08
INV-8632,Charlie,Clothing,1/9/2021,########,445.84,6,UK,2675.04
INV-5172,Bob,Books,########,4/3/2022,91.14,9,France,820.26
INV-7679,Bob,Groceries,########,########,443.09,4,Canada,1772.36
INV-6793,Frank,Electronics,########,########,394.25,8,UK,3154
INV-6378,Frank,Beauty,6/6/2021,########,327.95,6,USA,1967.7
INV-5007,Alice,Clothing,########,########,368.33,3,Germany,1104.99
INV-4660,Diana,Groceries,3/3/2021,1/1/2022,296.64,6,Germany,1779.84
INV-9600,Bob,Clothing,########,########,86.14,10,France,861.4
INV-9368,Charlie,Electronics,########,########,91.6,3,France,274.8
INV-2924,Eve,Clothing,########,########,275.23,6,Australia,1651.38
INV-8855,Charlie,Books,########,########,343.1,1,Australia,343.1
INV-9867,Alice,Books,5/4/2021,########,116.51,8,Canada,932.08
INV-6580,Bob,Books,########,4/1/2022,393.28,5,Germany,1966.4
INV-2105,Alice,Electronics,########,8/4/2022,426.1,2,UK,852.2
INV-2646,Bob,Toys,########,########,279.56,10,Canada,2795.6
INV-3034,Eve,Groceries,7/8/2021,########,29.97,4,Canada,119.88
INV-3072,Alice,Clothing,########,########,89.72,5,Germany,448.6
INV-4271,Charlie,Groceries,########,########,488.95,3,France,1466.85
INV-7493,Alice,Books,########,########,130.91,9,Germany,1178.19
INV-9950,Alice,Electronics,########,########,213.44,4,USA,853.76
INV-2890,Bob,Clothing,########,########,,1,USA,486.77
INV-5520,Frank,Clothing,########,########,87.22,5,USA,436.1
INV-9299,Eve,Groceries,########,########,15.71,2,Australia,31.42
INV-6239,Eve,Groceries,########,########,196.84,5,Germany,984.2
INV-1149,Bob,Toys,########,########,236.77,5,Canada,1183.85
INV-2505,Diana,Beauty,########,########,457.49,2,France,914.98
INV-9717,Diana,Clothing,########,3/3/2022,487.65,8,UK,3901.2
INV-4949,Diana,Beauty,########,7/3/2022,280.52,5,Canada,1402.6
INV-4294,Eve,Electronics,########,########,310.14,10,Germany,3101.4
INV-2537,Bob,Toys,########,########,474.1,2,France,948.2
INV-7470,Bob,Beauty,########,########,14.04,2,Germany,28.08
INV-1775,Charlie,Toys,5/7/2021,########,312.36,7,USA,2186.52
INV-9387,Alice,Beauty,########,2/2/2022,155.72,6,Australia,934.32
INV-1482,Bob,Groceries,########,########,297.91,10,Canada,2979.1
INV-6416,Alice,Groceries,########,########,400.93,10,France,4009.3
INV-3251,Frank,Toys,7/6/2021,########,261.96,4,France,1047.84
INV-2551,Eve,Groceries,########,########,145.52,5,Canada,727.6
INV-1650,Eve,Electronics,########,########,498.58,9,Canada,4487.22
INV-5862,Alice,Books,########,########,178.69,1,Germany,178.69
INV-1184,Frank,Beauty,########,5/2/2022,325.72,6,Australia,1954.32
INV-2641,Alice,Groceries,########,########,202.41,10,Germany,2024.1
INV-8537,Bob,Groceries,4/7/2021,########,195.88,9,Australia,1762.92
INV-3460,Charlie,Clothing,########,1/6/2022,137.15,6,UK,822.9
INV-1996,Eve,Groceries,########,3/8/2022,310.14,2,UK,620.28
INV-1421,Diana,Toys,########,########,369.1,7,USA,2583.7
INV-8648,Bob,Beauty,########,9/1/2022,148.5,10,France,1485
INV-7423,Eve,Electronics,########,7/8/2022,142.63,1,Germany,142.63
INV-2805,Eve,Books,########,########,462.59,6,Australia,2775.54
INV-2203,Charlie,Toys,########,########,102.57,4,France,410.28
INV-6608,Bob,Beauty,########,########,275.64,1,Australia,275.64
INV-6998,Diana,Toys,########,########,268.88,1,USA,268.88
INV-5959,Eve,Groceries,########,4/8/2022,324.41,5,France,1622.05
INV-1116,Bob,Toys,########,########,201.8,5,Canada,1009
INV-6914,Eve,Electronics,########,########,91.94,3,UK,275.82
INV-5127,Frank,Electronics,########,########,457.52,8,Canada,3660.16
INV-9030,Alice,Toys,########,########,430.29,2,UK,860.58
INV-5666,Alice,Books,########,########,288.25,1,USA,288.25
INV-5329,Bob,Clothing,########,########,385.1,3,Australia,1155.3
INV-8519,Eve,Groceries,########,########,426.48,9,Australia,3838.32
INV-4175,Eve,Toys,8/4/2021,########,97.83,10,Canada,978.3
INV-1255,Alice,Toys,########,########,495.44,7,Germany,3468.08
INV-5703,Eve,Toys,########,########,129.4,4,France,517.6
INV-7847,Diana,Books,########,8/7/2022,273.01,10,USA,2730.1
INV-2132,Bob,Books,4/7/2021,4/4/2022,277.02,7,Canada,1939.14
INV-6717,Eve,Books,########,########,173.74,4,Australia,694.96
INV-4819,Alice,Beauty,########,########,239.55,3,Germany,718.65
INV-1489,Charlie,Books,########,3/1/2022,438.69,5,USA,2193.45
INV-5131,Frank,Toys,########,8/1/2022,142.14,2,Canada,284.28
INV-2804,Bob,Groceries,3/6/2021,########,36.16,7,UK,253.12
INV-3112,Bob,Toys,########,########,163.47,4,France,653.88
INV-6845,Alice,Electronics,########,########,383.5,9,France,3451.5
INV-3121,Frank,Books,3/1/2021,########,341.02,1,France,341.02
INV-1692,Charlie,Clothing,4/1/2021,########,53.64,6,UK,321.84
INV-3158,Frank,Toys,########,6/3/2022,127.18,4,USA,508.72
INV-5479,Eve,Books,9/9/2021,########,78.79,7,Australia,551.53
INV-6592,Bob,Groceries,########,########,205.86,5,Australia,1029.3
INV-7211,Charlie,Clothing,########,########,331.3,9,UK,2981.7
INV-8451,Charlie,Groceries,########,6/2/2022,184.29,2,France,368.58
INV-4643,Diana,Groceries,########,########,313.07,3,Germany,939.21
INV-7647,Eve,Toys,########,9/5/2022,404.83,3,USA,1214.49
INV-3583,Frank,Toys,########,########,242.5,10,USA,2425
INV-1834,Diana,Clothing,2/1/2021,########,107.59,5,Canada,537.95
INV-4256,Diana,Books,########,########,206.35,2,Canada,412.7
INV-6780,Alice,Electronics,########,########,126.55,10,France,1265.5
INV-5661,Frank,Groceries,########,3/7/2022,238.09,3,USA,714.27
INV-1309,Bob,Beauty,5/4/2021,########,322.02,6,Australia,1932.12
INV-3280,Bob,Toys,7/7/2021,########,304.5,8,Germany,2436
INV-9944,Diana,Groceries,########,########,193.75,4,USA,775
INV-1075,Alice,Clothing,########,########,445.76,5,UK,2228.8
INV-7494,Eve,Clothing,2/3/2021,6/4/2022,5.02,5,Australia,25.1
INV-7494,Bob,Toys,########,########,95.87,5,UK,479.35
INV-1893,Alice,Beauty,########,########,141.72,9,UK,1275.48
INV-5350,Diana,Groceries,########,########,491.54,10,Germany,4915.4
INV-4560,Alice,Beauty,########,########,441.01,2,Australia,882.02
INV-1058,Bob,Beauty,########,5/1/2022,,9,Canada,1358.37
INV-7467,Diana,Beauty,########,4/2/2022,39.08,2,France,78.16
INV-1952,Alice,Clothing,########,########,146.92,6,UK,881.52
INV-6055,Charlie,Beauty,########,########,286.33,7,UK,2004.31
INV-3209,Frank,Toys,########,########,369.49,5,France,1847.45
INV-8974,Eve,Books,########,########,69.44,8,USA,555.52
INV-7556,Charlie,Groceries,8/8/2021,2/7/2022,280.86,2,Canada,561.72
INV-4259,Alice,Books,6/7/2021,########,382.08,9,Germany,3438.72
INV-6225,Diana,Books,########,########,79.42,9,USA,714.78
INV-7440,Alice,Beauty,########,########,322.29,1,Canada,322.29
INV-4684,Frank,Beauty,5/2/2021,########,78.29,9,Germany,704.61
INV-7339,Frank,Beauty,########,########,460.38,3,Australia,1381.14
INV-1698,Frank,Clothing,########,########,113.13,10,UK,1131.3
INV-6205,Charlie,Clothing,########,########,97.96,4,Australia,391.84
INV-9223,Bob,Clothing,9/1/2021,2/9/2022,114.22,5,UK,571.1
INV-1519,Frank,Books,########,########,106.49,6,UK,638.94
INV-2397,Bob,Books,########,########,247.31,8,Germany,
INV-2993,Bob,Beauty,########,########,302.3,10,Australia,3023
INV-6860,Alice,Clothing,########,########,313.88,1,USA,313.88
INV-5232,Charlie,Electronics,########,########,268.19,1,Canada,268.19
INV-5038,Eve,Groceries,########,########,85.41,9,Canada,768.69
INV-2044,Eve,Clothing,########,########,9.43,9,UK,84.87
INV-1975,Bob,Groceries,8/8/2021,6/8/2022,76.32,6,Australia,457.92
INV-3667,Eve,Toys,########,8/8/2022,181.77,1,France,181.77
INV-6092,Frank,Clothing,6/5/2021,########,407.65,6,UK,2445.9
INV-4646,Frank,Beauty,########,1/8/2022,370.48,5,USA,1852.4
INV-9160,Bob,Clothing,########,########,23.25,3,USA,69.75
INV-7701,Frank,Toys,7/3/2021,5/6/2022,222.27,6,UK,1333.62
INV-3184,Frank,Groceries,3/3/2021,########,26.05,3,UK,78.15
INV-4653,Bob,Books,########,########,312.67,5,USA,1563.35
INV-1077,Eve,Beauty,########,########,291.83,8,France,2334.64
INV-5501,Alice,Groceries,########,9/8/2022,256.9,5,UK,1284.5
INV-8150,Alice,Beauty,########,########,132.69,4,USA,530.76
INV-2674,Diana,Clothing,8/3/2021,3/7/2022,232.57,3,Germany,697.71
INV-2583,Bob,Toys,########,########,446.13,9,USA,4015.17
INV-5454,Frank,Groceries,########,########,464.94,2,Canada,929.88
INV-2028,Charlie,Books,########,########,68.77,4,France,275.08
INV-1582,Alice,Electronics,########,########,389.12,10,USA,3891.2
INV-4910,Charlie,Clothing,########,########,324.83,4,France,1299.32
INV-7605,Frank,Beauty,########,########,287.7,1,France,287.7
INV-1244,Alice,Books,5/4/2021,########,337.13,5,France,1685.65
INV-5381,Frank,Toys,########,########,9.07,9,UK,81.63
INV-6663,Frank,Toys,5/8/2021,########,498.11,9,USA,4482.99
INV-8014,Alice,Clothing,5/6/2021,########,385.92,4,Canada,1543.68
INV-7961,Frank,Electronics,########,2/8/2022,404.74,1,USA,404.74
INV-6930,Charlie,Beauty,########,########,384.41,4,Australia,1537.64
INV-1759,Bob,Electronics,########,7/7/2022,195.26,9,USA,1757.34
INV-7977,Diana,Groceries,4/4/2021,1/3/2022,122.01,7,Germany,854.07
INV-6920,Diana,Books,########,########,357.05,10,Germany,3570.5
INV-9851,Charlie,Beauty,########,########,27.78,1,Germany,
INV-7054,Bob,Electronics,1/7/2021,########,276.25,1,USA,276.25
INV-9021,Charlie,Beauty,9/9/2021,6/4/2022,421.76,1,UK,421.76
INV-3467,Bob,Groceries,########,########,324.87,8,UK,2598.96
INV-8142,Bob,Electronics,1/8/2021,1/6/2022,376.41,7,USA,2634.87
INV-9614,Frank,Groceries,########,########,40.48,3,UK,121.44
INV-6061,Alice,Electronics,########,########,99.14,3,USA,297.42
INV-3858,Diana,Toys,########,########,78.57,9,USA,707.13
INV-5314,Eve,Toys,########,########,348.54,9,Germany,3136.86
INV-2279,Bob,Beauty,########,7/1/2022,362.65,8,Canada,2901.2
INV-5845,Charlie,Books,3/1/2021,4/1/2022,169.87,2,UK,339.74
INV-3849,Diana,Clothing,########,########,289.07,10,Canada,2890.7
INV-6333,Alice,Groceries,########,########,244.82,10,Canada,2448.2
INV-2023,Frank,Toys,########,########,159.88,3,UK,479.64
INV-2901,Frank,Clothing,6/4/2021,########,343.53,10,UK,3435.3
INV-8105,Bob,Beauty,########,########,251.27,1,USA,251.27
INV-3263,Frank,Beauty,########,1/8/2022,496.01,4,USA,1984.04
INV-2199,Charlie,Clothing,########,########,280.9,1,Australia,280.9
INV-7324,Diana,Beauty,########,########,14.63,8,Canada,117.04
INV-8766,Eve,Books,########,########,362.99,8,UK,2903.92
INV-6103,Bob,Books,########,9/2/2022,386.41,2,Germany,772.82
INV-5859,Diana,Groceries,8/8/2021,########,376.56,6,USA,2259.36
INV-5862,Frank,Clothing,########,########,433.92,7,France,3037.44
INV-8157,Alice,Electronics,########,6/3/2022,432.04,7,Canada,3024.28
INV-2288,Bob,Electronics,9/1/2021,########,387.76,2,UK,775.52
INV-4112,Diana,Clothing,########,########,117.12,8,UK,936.96
INV-6825,Bob,Electronics,5/6/2021,########,304.06,9,Germany,2736.54
INV-5708,Bob,Electronics,5/8/2021,########,32.2,4,Germany,128.8
INV-9189,Alice,Electronics,########,########,56.88,3,UK,170.64
INV-6479,Frank,Beauty,########,########,71.91,9,USA,647.19
INV-5889,Bob,Electronics,########,########,319.83,9,France,2878.47
INV-8959,Eve,Electronics,7/6/2021,8/7/2022,481.91,7,UK,3373.37
INV-5934,Eve,Electronics,########,########,186.95,1,France,186.95
INV-7690,Bob,Toys,########,########,200.89,8,Germany,1607.12
INV-7833,Frank,Beauty,########,########,185.39,1,UK,185.39
INV-1191,Diana,Books,########,8/8/2022,177.84,3,USA,533.52
INV-9840,Charlie,Clothing,########,########,480.83,9,Canada,4327.47
INV-2430,Bob,Beauty,########,5/7/2022,33.75,3,USA,101.25
INV-6662,Frank,Clothing,########,9/9/2022,491.98,4,France,1967.92
INV-6745,Frank,Clothing,5/2/2021,########,61.9,5,Germany,309.5
INV-7809,Bob,Electronics,########,3/3/2022,269.07,3,Canada,807.21
INV-5655,Diana,Electronics,2/2/2021,6/7/2022,135.77,5,Canada,678.85
INV-5405,Charlie,Beauty,2/8/2021,########,446.39,7,USA,3124.73
INV-8807,Bob,Toys,########,7/6/2022,247.29,6,USA,1483.74
INV-2840,Bob,Clothing,########,########,162.74,9,Australia,1464.66
INV-7010,Bob,Beauty,2/2/2021,########,108.83,9,UK,979.47
INV-9937,Charlie,Groceries,########,5/9/2022,60.91,5,USA,304.55
INV-8531,Charlie,Electronics,########,########,195.05,9,Canada,1755.45
INV-6654,Frank,Groceries,########,########,429.44,7,Canada,3006.08
INV-2041,Bob,Toys,########,########,315.08,9,UK,2835.72
INV-2366,Frank,Toys,########,7/5/2022,306.8,9,Germany,2761.2
INV-2500,Diana,Toys,########,########,455.35,5,Australia,2276.75
INV-5934,Bob,Electronics,########,########,33.62,6,Australia,201.72
INV-6464,Frank,Clothing,########,1/4/2022,181.28,8,UK,1450.24
INV-4602,Bob,Toys,########,########,398.66,10,UK,3986.6
INV-5740,Diana,Toys,3/7/2021,########,12.71,8,France,101.68
INV-2677,Bob,Clothing,########,########,148.36,1,UK,148.36
INV-8179,Alice,Electronics,########,7/4/2022,164.15,5,Australia,820.75
INV-9930,Diana,Toys,########,########,20.33,6,Canada,121.98
INV-5468,Frank,Electronics,########,########,41.31,8,France,330.48
INV-8805,Frank,Groceries,########,2/6/2022,,9,UK,184.77
INV-7426,Bob,Electronics,########,########,463.45,2,Germany,926.9
INV-3574,Charlie,Beauty,########,########,140.8,5,Germany,704
INV-3261,Bob,Groceries,########,########,16.6,6,Germany,99.6
INV-9872,Eve,Toys,########,########,73.93,10,Australia,739.3
INV-5643,Eve,Books,5/8/2021,########,209.41,7,Germany,1465.87
INV-8934,Eve,Books,########,########,174,10,Australia,1740
INV-1435,Charlie,Groceries,########,########,106.5,9,Germany,958.5
INV-2920,Eve,Beauty,2/7/2021,3/3/2022,207.68,1,UK,207.68
INV-5239,Alice,Groceries,########,########,353.6,5,Canada,1768
INV-9395,Bob,Toys,########,########,277.07,4,Germany,1108.28
INV-2050,Charlie,Groceries,########,8/1/2022,480.51,8,Australia,3844.08
INV-9689,Alice,Groceries,########,########,137.11,8,Germany,1096.88
INV-1127,Bob,Clothing,########,2/5/2022,103.71,6,UK,622.26
INV-2265,Eve,Groceries,5/1/2021,6/5/2022,288.8,8,USA,2310.4
INV-8117,Eve,Groceries,########,########,360.89,4,Australia,1443.56
INV-2508,Frank,Groceries,########,########,470.95,8,Australia,3767.6
INV-7266,Frank,Toys,########,########,50.12,10,UK,501.2
INV-2373,Eve,Groceries,########,########,272.4,6,Canada,1634.4
INV-7470,Eve,Books,########,########,412.24,5,Australia,2061.2
INV-7656,Charlie,Toys,########,########,9.79,8,UK,78.32
INV-1491,Diana,Groceries,########,########,166.59,4,UK,666.36
INV-5384,Eve,Books,9/8/2021,,430.99,9,Canada,3878.91
INV-7414,Frank,Groceries,5/7/2021,########,257.94,9,France,2321.46
INV-7029,Alice,Beauty,4/6/2021,########,335.41,1,Australia,335.41
INV-6533,Bob,Beauty,########,########,485.21,9,Canada,4366.89
INV-5264,Eve,Groceries,########,########,235.59,8,Canada,1884.72
INV-9506,Eve,Books,########,########,324.26,4,USA,1297.04
INV-9920,Eve,Electronics,########,########,166.66,8,Canada,1333.28
INV-5014,Bob,Books,########,########,250.73,7,Canada,1755.11
INV-1900,Bob,Beauty,########,########,248.86,5,UK,1244.3
INV-1197,Eve,Clothing,7/7/2021,########,447.93,3,Germany,1343.79
INV-1741,Diana,Clothing,########,########,180.91,10,Canada,1809.1
INV-5356,Bob,Groceries,########,########,116.78,6,UK,700.68
INV-5303,Frank,Groceries,########,########,478.24,10,Canada,4782.4
INV-2709,Alice,Groceries,########,########,57.55,7,USA,402.85
INV-6060,Frank,Books,1/5/2021,5/7/2022,486.93,3,Germany,1460.79
INV-6147,Charlie,Books,########,########,270.87,4,Australia,1083.48
INV-3658,Bob,Groceries,########,########,497.58,10,Germany,4975.8
INV-8315,Frank,Electronics,########,########,419.5,7,Australia,
INV-6793,Frank,Books,########,########,377.01,10,France,3770.1
INV-6309,Eve,Beauty,########,########,423.33,3,Australia,1269.99
INV-3828,Charlie,Beauty,########,########,148.98,8,Australia,1191.84
INV-1493,Bob,Books,########,########,5.4,3,UK,16.2
INV-5191,Eve,Books,########,########,106.89,7,Australia,748.23
INV-6258,Eve,Beauty,7/6/2021,########,21.61,1,Germany,21.61
INV-4382,Alice,Electronics,########,########,59.37,9,Canada,534.33
INV-8924,Eve,Electronics,8/6/2021,5/8/2022,318.25,1,Germany,318.25
INV-1578,Diana,Groceries,########,3/1/2022,19.53,3,Germany,58.59
INV-6144,Alice,Books,########,########,474.25,6,Canada,2845.5
INV-9446,Alice,Toys,########,########,395.42,6,France,2372.52
INV-4887,Frank,Clothing,########,########,252.54,2,Australia,505.08
INV-3376,Charlie,Groceries,########,########,155.41,6,USA,932.46
INV-4494,Frank,Groceries,2/9/2021,########,419.82,2,USA,839.64
INV-1616,Diana,Clothing,########,8/4/2022,85.05,6,USA,510.3
,Alice,Clothing,########,########,96.38,2,Germany,192.76
INV-3294,Frank,Books,########,3/4/2022,82.63,4,Australia,330.52
INV-1863,Eve,Beauty,5/6/2021,########,325.09,4,UK,1300.36
INV-5493,Bob,Books,########,8/1/2022,148.73,2,UK,297.46
INV-4562,Eve,Clothing,########,########,445.4,2,Canada,890.8
INV-4440,Alice,Toys,########,########,217.81,2,Canada,435.62
INV-1130,Alice,Clothing,########,########,106.81,1,USA,106.81
INV-8331,Bob,Toys,########,1/8/2022,417.65,9,USA,3758.85
INV-6234,Alice,Electronics,########,########,118.03,8,USA,
INV-7943,Bob,Beauty,########,########,96.35,3,Canada,289.05
INV-3824,Diana,Electronics,4/1/2021,9/4/2022,116.8,8,Canada,934.4
INV-4258,Alice,Books,########,########,487.8,6,Canada,2926.8
INV-6654,Diana,Groceries,########,4/7/2022,200.08,5,USA,1000.4
INV-8404,Eve,Toys,########,########,487.97,3,France,1463.91
INV-8125,Frank,Clothing,########,########,326.86,4,France,1307.44
INV-2849,Frank,Beauty,########,########,231.76,10,Canada,2317.6
INV-4195,Bob,Groceries,########,########,352.48,3,Canada,1057.44
INV-3334,Alice,Books,########,########,353.46,6,Australia,2120.76
INV-6394,Bob,Books,########,########,140.94,9,Canada,1268.46
,Diana,Toys,########,########,12.08,7,,84.56
INV-4783,Charlie,Electronics,########,########,65.7,6,France,394.2
INV-2950,Alice,Groceries,########,########,431.39,3,France,1294.17
INV-6941,Charlie,Groceries,########,########,58.3,1,Canada,58.3
INV-5977,Alice,Groceries,########,########,349.35,9,USA,3144.15
INV-9192,Bob,Toys,########,########,449.91,1,UK,449.91
INV-5411,Bob,Beauty,########,########,166.49,1,Germany,166.49
INV-5890,Diana,Groceries,3/3/2021,########,17.47,2,France,34.94
INV-9785,Frank,Books,########,########,131.52,1,Germany,131.52
INV-2565,Eve,Electronics,1/1/2021,########,410.8,3,Germany,1232.4
INV-8058,Alice,Toys,9/1/2021,########,302.66,2,France,605.32
INV-1040,Diana,Groceries,########,########,292.62,7,Canada,2048.34
INV-3240,Diana,Electronics,########,########,344.31,3,Germany,1032.93
INV-9122,Frank,Beauty,########,########,74.27,8,USA,594.16
INV-9646,Diana,Electronics,########,########,196.64,8,USA,1573.12
INV-6833,Charlie,Toys,########,7/4/2022,104.93,9,Canada,944.37
INV-3432,Frank,Books,########,########,97.96,9,Canada,881.64
INV-5057,Diana,Books,########,########,69.48,10,Australia,694.8
INV-7588,Bob,Electronics,8/2/2021,########,218.66,10,France,2186.6
INV-8151,Alice,Books,########,3/1/2022,129.98,1,Australia,129.98
INV-8892,Frank,Toys,########,########,495.32,10,USA,4953.2
INV-6674,Eve,Books,########,########,71.13,6,UK,426.78
INV-4897,Alice,Books,########,2/7/2022,394.86,5,Australia,1974.3
INV-3694,Eve,Books,########,########,284.55,10,Australia,2845.5
INV-1925,Bob,Clothing,########,########,392.05,1,Canada,392.05
INV-7771,Diana,Beauty,########,8/8/2022,319.43,9,Germany,2874.87
INV-8832,Bob,Groceries,9/8/2021,########,131.6,5,UK,658
INV-2143,Eve,Groceries,########,3/2/2022,52.61,5,Australia,263.05
INV-8813,Bob,Clothing,########,########,136.34,9,Australia,1227.06
INV-4646,Alice,Toys,7/9/2021,########,105.44,7,Canada,738.08
INV-2897,Bob,Groceries,########,8/2/2022,273.79,5,Australia,1368.95
INV-3602,Alice,Clothing,3/7/2021,########,365.22,6,Australia,2191.32
INV-6712,Alice,Books,########,########,31.68,6,USA,190.08
INV-9467,Frank,Books,########,9/6/2022,447.57,10,USA,4475.7
INV-7377,Diana,Books,4/5/2021,########,73.65,2,Canada,147.3
INV-5561,Diana,Groceries,########,########,55.78,4,France,223.12
INV-3240,Frank,Electronics,########,########,121.5,7,Germany,850.5
INV-6717,Eve,Books,########,########,173.74,4,Australia,694.96
INV-5225,Charlie,Electronics,########,########,431.66,3,Canada,1294.98
INV-5249,Frank,,########,########,103.39,1,Germany,103.39
INV-6109,Eve,Clothing,########,########,47.55,5,France,237.75
INV-6144,Alice,Books,########,########,474.25,6,Canada,2845.5
INV-9670,Eve,Electronics,########,########,100.07,7,Australia,700.49
INV-2523,Eve,Beauty,########,########,404.96,3,USA,1214.88
INV-6446,Diana,Clothing,########,########,480.09,1,France,480.09
INV-1692,Charlie,Clothing,4/1/2021,########,53.64,6,UK,321.84
INV-1578,Diana,Groceries,########,3/1/2022,19.53,3,Germany,58.59
INV-6333,Alice,Groceries,########,########,244.82,10,Canada,2448.2
INV-8373,Frank,Groceries,1/3/2021,########,102.48,8,Germany,819.84
INV-4225,Alice,Beauty,3/1/2021,########,424.91,8,Australia,3399.28
INV-2368,Charlie,Groceries,########,3/8/2022,344.38,1,France,344.38
INV-7519,Eve,Electronics,8/5/2021,########,155.9,4,Australia,623.6
INV-1863,Diana,Clothing,########,########,320.97,4,USA,1283.88
INV-1019,Diana,Groceries,########,########,152.48,6,Germany,914.88